published_date,market,entry_time,exit_time,ticker,direction,shares,entry_price,exit_price,target_price,stop_price,hit_target,hit_stop,pnl,pnl_pct,capital_after,news_event,link
2025-05-28 22:40:00+00:00,after_market,2025-05-29 10:26:00-04:00,2025-05-29 14:26:00+00:00,TSHA,LONG,344,2.9049999713897705,2.8904749715328215,2.934049971103668,2.8904749715328215,False,True,-4.996599950790454,-0.4996599950790454,9995.003400049209,shares_issue,https://www.globenewswire.com/news-release/2025/05/29/3090036/0/en/Taysha-Gene-Therapies-Announces-Pricing-of-Public-Offering-of-Common-Stock-and-Pre-Funded-Warrants.html
2025-05-29 08:00:00+00:00,pre_market,2025-05-29 10:26:00-04:00,2025-05-29 14:26:00+00:00,SEPN,SHORT,101,9.860099792480469,9.90940029144287,9.761498794555663,9.90940029144287,False,True,-4.979350395202486,-0.4981839621163081,9990.024049654006,conference_call_webinar,https://www.globenewswire.com/news-release/2025/05/29/3090260/0/en/Septerna-to-Present-at-Jefferies-Global-Healthcare-Conference.html
2025-05-29 08:00:00+00:00,pre_market,2025-05-29 10:26:00-04:00,2025-05-29 14:47:00+00:00,MDAI,LONG,587,1.7000000476837158,1.6915000474452973,1.717000048160553,1.6915000474452973,False,True,-4.9895001399517005,-0.4994482611004831,9985.034549514055,annual_general_meeting,https://www.globenewswire.com/news-release/2025/05/29/3090283/0/en/Spectral-AI-Announces-Voting-Results-from-2025-Annual-Meeting-of-Stockholders.html
2025-05-29 08:00:00+00:00,pre_market,2025-05-29 10:26:00-04:00,2025-05-29 14:34:00+00:00,IMRX,SHORT,557,1.7899999618530273,1.772099962234497,1.772099962234497,1.7989499616622924,True,False,9.970299787521368,0.9985243153722081,9995.004849301577,conference_call_webinar,https://www.globenewswire.com/news-release/2025/05/29/3090246/0/en/Immuneering-to-Present-at-the-Jefferies-Global-Healthcare-Conference.html
2025-05-29 08:00:00+00:00,pre_market,2025-05-29 10:26:00-04:00,2025-05-29 14:29:00+00:00,VXRT,SHORT,2126,0.4700999855995178,0.47245048552751534,0.4653989857435226,0.47245048552751534,False,True,-4.997162846922723,-0.499966025256297,9990.007686454654,corporate_action,https://www.globenewswire.com/news-release/2025/05/29/3090286/25416/en/Vaxart-s-Founder-and-Chief-Scientific-Officer-Provides-Video-Update-to-Stockholders.html
2025-05-29 08:30:00+00:00,pre_market,2025-05-29 10:26:00-04:00,2025-05-29 14:53:00+00:00,CRSP,SHORT,27,36.459999084472656,36.64229907989502,36.09539909362793,36.64229907989502,False,True,-4.92209987640377,-0.4927023112382179,9985.08558657825,conference_call_webinar,https://www.globenewswire.com/news-release/2025/05/29/3090337/0/en/CRISPR-Therapeutics-to-Participate-in-Upcoming-Investor-Conferences.html
2025-05-29 16:00:00+00:00,regular_market,2025-05-29 12:05:00-04:00,2025-05-29 16:27:00+00:00,ARQT,SHORT,72,13.699999809265137,13.76849980831146,13.562999811172485,13.76849980831146,False,True,-4.931999931335326,-0.49393667070463776,9980.153586646915,conference_call_webinar,https://www.globenewswire.com/news-release/2025/05/29/3090683/0/en/Arcutis-to-Present-at-the-Goldman-Sachs-46th-Annual-Global-Healthcare-Conference.html
2025-05-29 16:05:00+00:00,regular_market,2025-05-29 12:10:00-04:00,2025-05-29 16:52:00+00:00,VXRT,SHORT,2158,0.46230000257492065,0.45767700254917143,0.45767700254917143,0.4646115025877952,True,False,9.976434055566827,0.9996273072305155,9990.130020702481,conference_call_webinar,https://www.globenewswire.com/news-release/2025/05/29/3090693/25416/en/Vaxart-to-Participate-at-the-Jefferies-Global-Healthcare-Conference-on-June-5-2025.html
2025-05-29 16:05:00+00:00,regular_market,2025-05-29 12:10:00-04:00,2025-05-29 16:39:00+00:00,ANNX,LONG,472,2.115000009536743,2.1361500096321104,2.1361500096321104,2.1044250094890593,True,False,9.982800045013352,0.9992662782492381,10000.112820747494,conference_call_webinar,https://www.globenewswire.com/news-release/2025/05/29/3090705/0/en/Annexon-Biosciences-to-Present-at-the-Jefferies-Global-Healthcare-Conference.html
2025-05-30 07:30:00+00:00,pre_market,2025-05-30 10:26:00-04:00,2025-05-30 15:12:00+00:00,TGTX,LONG,28,35.029998779296875,35.38029876708985,35.38029876708985,34.85484878540039,True,False,9.808399658203228,0.9808289000353563,10009.921220405697,clinical_study,https://www.globenewswire.com/news-release/2025/05/30/3090994/8790/en/TG-Therapeutics-Announces-Data-Presentations-for-BRIUMVI-in-Multiple-Sclerosis-at-the-2025-Consortium-of-Multiple-Sclerosis-Centers-Annual-Meeting.html
2025-05-30 08:00:00+00:00,pre_market,2025-05-30 10:26:00-04:00,2025-05-30 14:43:00+00:00,CHRS,LONG,1278,0.7832000255584717,0.7910320258140564,0.7910320258140564,0.7792840254306793,True,False,10.00929632663728,0.9999375725587987,10019.930516732335,company_regulatory_filings,https://www.globenewswire.com/news-release/2025/05/30/3091025/33333/en/Coherus-Completes-Strategic-Transformation-to-Coherus-Oncology-Focusing-Exclusively-on-Innovative-Cancer-Therapeutics.html
2025-05-30 08:00:00+00:00,pre_market,2025-05-30 10:26:00-04:00,2025-05-30 14:28:00+00:00,MDAI,LONG,614,1.6292999982833862,1.6211534982919693,1.64559299826622,1.6211534982919693,False,True,-5.00195099472999,-0.49920016774339954,10014.928565737604,management_changes,https://www.globenewswire.com/news-release/2025/05/30/3091011/0/en/Spectral-AI-Announces-Appointment-of-Stanley-Micek-as-Chief-Operating-Officer.html
2025-05-30 10:47:00+00:00,pre_market,2025-05-30 10:26:00-04:00,2025-05-30 14:47:00+00:00,FBIO,LONG,534,1.875,1.89375,1.89375,1.865625,True,False,10.012500000000024,0.9997575054358462,10024.941065737605,mergers_acquisitions,https://www.globenewswire.com/news-release/2025/05/30/3091157/28889/en/Fortress-Biotech-Announces-Closing-of-Sale-of-Subsidiary-Checkpoint-Therapeutics.html
2025-06-02 06:45:00+00:00,pre_market,2025-06-02 10:26:00-04:00,2025-06-02 14:26:00+00:00,BNTX,LONG,8,113.09500122070312,112.52952621459961,114.22595123291016,112.52952621459961,False,True,-4.523800048828093,-0.4512545279980901,10020.417265688777,partnerships,https://www.globenewswire.com/news-release/2025/06/02/3091688/0/en/BioNTech-and-Bristol-Myers-Squibb-Announce-Global-Strategic-Partnership-to-Co-Develop-and-Co-Commercialize-Next-generation-Bispecific-Antibody-Candidate-BNT327-Broadly-for-Multiple.html
2025-06-02 06:45:00+00:00,pre_market,2025-06-02 10:26:00-04:00,2025-06-02 14:26:00+00:00,BNTX,LONG,8,113.09500122070312,112.52952621459961,114.22595123291016,112.52952621459961,False,True,-4.523800048828093,-0.4514582505778655,10015.893465639949,partnerships,https://www.globenewswire.com/news-release/2025/06/02/3091688/0/de/BioNTech-und-Bristol-Myers-Squibb-geben-globale-strategische-Partnerschaft-zur-gemeinsamen-Entwicklung-und-Kommerzialisierung-des-bispezifischen-Antik%C3%B6rperkandidaten-BNT327-in-eine.html
2025-06-02 07:00:00+00:00,pre_market,2025-06-02 10:26:00-04:00,2025-06-02 14:31:00+00:00,IMCR,SHORT,26,38.28499984741211,37.90214984893799,37.90214984893799,38.47642484664917,True,False,9.954099960327156,0.9938304550138457,10025.847565600276,conference_call_webinar,https://www.globenewswire.com/news-release/2025/06/02/3091717/0/en/Immunocore-to-present-at-the-2025-Jefferies-Global-Healthcare-Conference.html
2025-06-02 07:30:00+00:00,pre_market,2025-06-02 10:26:00-04:00,2025-06-02 15:06:00+00:00,INAB,LONG,7509,0.13349999487400055,0.13483499482274056,0.13483499482274056,0.13283249489963053,True,False,10.024514615088709,0.9998670485958573,10035.872080215364,clinical_study,https://www.globenewswire.com/news-release/2025/06/02/3091745/0/en/IN8bio-Presents-Positive-Phase-1-Data-of-INB-200-in-Newly-Diagnosed-GBM-Demonstrating-Prolonged-Progression-Free-Survival.html
2025-06-02 08:00:00+00:00,pre_market,2025-06-02 10:26:00-04:00,2025-06-02 14:49:00+00:00,HUMA,LONG,370,2.7100000381469727,2.6964500379562377,2.7371000385284425,2.6964500379562377,False,True,-5.013500070571926,-0.49955798863314516,10030.858580144792,clinical_study,https://www.globenewswire.com/news-release/2025/06/02/3091791/0/en/Humacyte-Clinical-Results-in-High-Risk-Dialysis-Patients-from-V007-Pivotal-Phase-3.html
2025-06-02 08:00:00+00:00,pre_market,2025-06-02 10:26:00-04:00,2025-06-02 15:17:00+00:00,TGTX,LONG,28,35.01240158081055,35.36252559661865,35.36252559661865,34.837339572906494,True,False,9.803472442626969,0.9773313385189266,10040.662052587419,conference_call_webinar,https://www.globenewswire.com/news-release/2025/06/02/3091817/8790/en/TG-Therapeutics-to-Participate-in-the-Jefferies-Global-Healthcare-Conference.html
2025-06-02 08:00:00+00:00,pre_market,2025-06-02 10:26:00-04:00,2025-06-02 14:26:00+00:00,BCAB,LONG,2073,0.48420000076293945,0.4817790007591248,0.48904200077056886,0.4817790007591248,False,True,-5.018733007907826,-0.49984084531702044,10035.64331957951,clinical_study,https://www.globenewswire.com/news-release/2025/06/02/3091818/0/en/BioAtla-Presents-Phase-2-Ozuriftamab-Vedotin-Oz-V-Clinical-Trial-Data-Demonstrating-Compelling-Antitumor-Activity-in-HPV-Associated-Oropharyngeal-Squamous-Cell-Carcinoma-HPV-OPSCC-.html
2025-06-02 08:05:00+00:00,pre_market,2025-06-02 10:26:00-04:00,2025-06-02 14:29:00+00:00,IMNN,LONG,368,2.7249999046325684,2.752249903678894,2.752249903678894,2.7113749051094054,True,False,10.027999649047793,0.9992383477283607,10045.671319228559,clinical_study,https://www.globenewswire.com/news-release/2025/06/02/3091830/0/en/IMUNON-CEO-RECAPS-A-YEAR-OF-CLINICAL-ACHIEVEMENT-AND-SOLID-FUNDAMENTALS.html
2025-06-02 08:35:00+00:00,pre_market,2025-06-02 10:26:00-04:00,2025-06-02 14:28:00+00:00,DYAI,LONG,975,1.0299999713897705,1.0402999711036682,1.0402999711036682,1.0248499715328216,True,False,10.04249972105028,0.9996842821074379,10055.713818949609,management_changes,https://www.globenewswire.com/news-release/2025/06/02/3091869/0/en/Dyadic-Announces-Leadership-Change-as-Part-of-Ongoing-Strategic-Shift-to-Focus-on-High-Demand-Ancillary-Proteins-for-Life-Sciences-Nutrition-and-Industrial-Applications.html
2025-06-02 09:15:00+00:00,pre_market,2025-06-02 10:26:00-04:00,2025-06-02 15:09:00+00:00,ALVO,SHORT,88,11.34000015258789,11.396700153350828,11.226600151062012,11.396700153350828,False,True,-4.989600067138497,-0.4961955120218105,10050.724218882471,conference_call_webinar,https://www.globenewswire.com/news-release/2025/06/02/3091962/0/is/Alvotech-fundar-me%C3%B0-fj%C3%A1rfestum-%C3%A1-%C3%A1rlegri-heilbrig%C3%B0isr%C3%A1%C3%B0stefnu-Jefferies-fj%C3%A1rfestingabankans-%C3%AD-New-York-og-flytur-kynningu.html
2025-06-02 09:15:00+00:00,pre_market,2025-06-02 10:26:00-04:00,2025-06-02 15:33:00+00:00,ALVO,LONG,88,11.34000015258789,11.283300151824951,11.453400154113769,11.283300151824951,False,True,-4.989600067138653,-0.49644184423691623,10045.734618815333,conference_call_webinar,https://www.globenewswire.com/news-release/2025/06/02/3091963/0/en/Alvotech-Meets-Investors-and-Presents-at-the-Jefferies-Global-Healthcare-Conference-2025-in-New-York-NY.html
2025-06-02 09:15:00+00:00,pre_market,2025-06-02 10:26:00-04:00,2025-06-02 15:33:00+00:00,ALVO,LONG,88,11.34000015258789,11.283300151824951,11.453400154113769,11.283300151824951,False,True,-4.989600067138653,-0.4966884211527243,10040.745018748195,conference_call_webinar,https://www.globenewswire.com/news-release/2025/06/02/3091962/0/en/Alvotech-Meets-Investors-and-Presents-at-the-Jefferies-Global-Healthcare-Conference-2025-in-New-York-NY.html
2025-06-02 09:29:00+00:00,pre_market,2025-06-02 10:26:00-04:00,2025-06-02 14:32:00+00:00,IOVA,LONG,568,1.7649999856948853,1.7561749857664108,1.782649985551834,1.7561749857664108,False,True,-5.012599959373464,-0.49922589907560433,10035.732418788823,clinical_study,https://www.globenewswire.com/news-release/2025/06/02/3091973/0/en/The-Journal-of-Clinical-Oncology-Publishes-Five-year-Analysis-of-Amtagvi-lifileucel-in-Patients-with-Advanced-Melanoma.html
2025-06-02 16:05:00+00:00,regular_market,2025-06-02 12:10:00-04:00,2025-06-02 16:20:00+00:00,XFOR,LONG,253,3.962599992752075,3.942786992788315,4.002225992679596,3.942786992788315,False,True,-5.012688990831325,-0.49948412150234367,10030.719729797991,changes_in_companys_own_shares,https://www.globenewswire.com/news-release/2025/06/02/3092328/0/en/X4-Pharmaceuticals-Announces-Inducement-Grants-Under-Nasdaq-Listing-Rule-5635-c-4.html
2025-06-02 16:20:00+00:00,regular_market,2025-06-02 12:25:00-04:00,2025-06-02 16:28:00+00:00,VXRT,SHORT,2209,0.45399999618530273,0.4562699961662292,0.4494599962234497,0.4562699961662292,False,True,-5.0144299578665805,-0.49990729408681883,10025.705299840125,annual_meetings_shareholder_rights,https://www.globenewswire.com/news-release/2025/06/02/3092346/25416/en/Vaxart-Announces-Adjournment-of-Annual-Meeting-of-Stockholders.html
2025-06-03 01:00:00+00:00,after_market,2025-06-03 10:26:00-04:00,2025-06-03 16:56:00-04:00,ADXN,SHORT,124,8.079999923706055,8.079999923706055,7.999199924468994,8.120399923324584,False,False,0.0,0.0,10025.705299840125,annual_general_meeting,https://www.globenewswire.com/news-release/2025/06/03/3092426/0/en/Addex-Convenes-Annual-General-Meeting-2025.html
2025-06-03 04:00:00+00:00,pre_market,2025-06-03 10:26:00-04:00,2025-06-03 16:56:00-04:00,OCS,LONG,51,19.3700008392334,19.440000534057617,19.563700847625732,19.27315083503723,False,False,3.5699844360351562,0.356083121263507,10029.27528427616,conference_call_webinar,https://www.globenewswire.com/news-release/2025/06/03/3092473/0/en/Oculis-to-Participate-in-Upcoming-June-Investor-Conferences.html
2025-06-03 04:00:00+00:00,pre_market,2025-06-03 10:26:00-04:00,2025-06-03 16:56:00-04:00,OCS,LONG,51,19.3700008392334,19.440000534057617,19.563700847625732,19.27315083503723,False,False,3.5699844360351562,0.3559563712078137,10032.845268712195,conference_call_webinar,https://www.globenewswire.com/news-release/2025/06/03/3092472/0/en/Oculis-to-Participate-in-Upcoming-June-Investor-Conferences.html
2025-06-03 07:00:00+00:00,pre_market,2025-06-03 10:26:00-04:00,2025-06-03 14:34:00+00:00,AKRO,SHORT,19,51.04999923706055,51.305249233245846,50.53949924468994,51.305249233245846,False,True,-4.849749927520676,-0.4833872941950778,10027.995518784675,conference_call_webinar,https://www.globenewswire.com/news-release/2025/06/03/3092591/0/en/Akero-Therapeutics-to-Present-at-the-Goldman-Sachs-46th-Annual-Global-Healthcare-Conference.html
2025-06-03 07:05:00+00:00,pre_market,2025-06-03 10:26:00-04:00,2025-06-03 14:36:00+00:00,KBLB,LONG,12118,0.08275000005960464,0.08357750006020069,0.08357750006020069,0.08233625005930661,True,False,10.027645007222883,0.9999650466974047,10038.023163791899,press_releases,https://www.globenewswire.com/news-release/2025/06/03/3092617/0/en/Kraig-Biocraft-Laboratories-Issues-a-Letter-to-Shareholders-on-Recent-Advancements-and-Potential-Recombinant-Spider-Silk-Deliveries-in-2025.html
2025-06-03 08:00:00+00:00,pre_market,2025-06-03 10:26:00-04:00,2025-06-03 14:28:00+00:00,JSPR,SHORT,164,6.099999904632568,6.13049990415573,6.038999905586243,6.13049990415573,False,True,-5.001999921798543,-0.4983052778600104,10033.0211638701,clinical_study,https://www.globenewswire.com/news-release/2025/06/03/3092716/0/en/Jasper-Therapeutics-Announces-Briquilimab-Presentations-at-the-European-Academy-of-Allergy-and-Clinical-Immunology-EAACI-Annual-Congress.html
2025-06-03 08:05:00+00:00,pre_market,2025-06-03 10:26:00-04:00,2025-06-03 14:26:00+00:00,IMNN,LONG,394,2.541100025177002,2.528394525051117,2.566511025428772,2.528394525051117,False,True,-5.005967049598736,-0.49894911690465854,10028.015196820501,clinical_study,https://www.globenewswire.com/news-release/2025/06/03/3092724/0/en/IMUNON-Announces-Data-Presented-at-ASCO-Reinforces-Unprecedented-Overall-Survival-in-Ovarian-Cancer-Phase-2-Study.html
2025-06-03 09:15:00+00:00,pre_market,2025-06-03 10:26:00-04:00,2025-06-03 14:28:00+00:00,EVAX,LONG,383,2.615000009536743,2.6019250094890594,2.6411500096321108,2.6019250094890594,False,True,-5.007725018262898,-0.49937349714534285,10023.007471802239,clinical_study,https://www.globenewswire.com/news-release/2025/06/03/3092866/0/en/Evaxion-receives-grant-funding-to-design-new-polio-vaccine.html
2025-06-03 09:15:00+00:00,pre_market,2025-06-03 10:26:00-04:00,2025-06-03 14:27:00+00:00,RENB,LONG,3164,0.3167000114917755,0.3151165114343166,0.3198670116066933,0.3151165114343166,False,True,-5.010194181799917,-0.49986934519355725,10017.99727762044,patents,https://www.globenewswire.com/news-release/2025/06/03/3092863/0/en/Renovaro-Secures-Key-U-S-Patent-to-Strengthen-AI-Driven-Drug-Discovery-and-Diagnostics-Platform.html
2025-06-03 14:55:00+00:00,regular_market,2025-06-03 11:00:00-04:00,2025-06-03 15:20:00+00:00,IMMX,LONG,401,2.4944000244140625,2.5193440246582033,2.5193440246582033,2.4819280242919923,True,False,10.002544097900454,0.9984574581833331,10027.99982171834,clinical_study,https://www.globenewswire.com/news-release/2025/06/03/3093133/0/en/Immix-Biopharma-Announces-Primary-Endpoint-Met-in-positive-NXC-201-Interim-Results-Presented-at-ASCO-Enabling-Path-to-Best-in-Class-Therapy-for-relapsed-refractory-AL-Amyloidosis.html
2025-06-03 16:01:00+00:00,regular_market,2025-06-03 12:05:00-04:00,2025-06-03 16:11:00+00:00,BCAX,SHORT,92,10.800000190734863,10.854000191688536,10.692000188827514,10.854000191688536,False,True,-4.968000087737913,-0.4954128615936319,10023.031821630602,conference_call_webinar,https://www.globenewswire.com/news-release/2025/06/03/3093174/0/en/Bicara-Therapeutics-to-Present-at-the-Goldman-Sachs-46th-Annual-Global-Healthcare-Conference.html
2025-06-03 16:05:00+00:00,regular_market,2025-06-03 12:10:00-04:00,2025-06-03 16:16:00+00:00,ANAB,LONG,41,23.969999313354492,23.850149316787718,24.209699306488037,23.850149316787718,False,True,-4.913849859237747,-0.4902558374236842,10018.117971771364,clinical_study,https://www.globenewswire.com/news-release/2025/06/03/3093190/0/en/Anaptys-Announces-Positive-Rosnilimab-Data-Updated-Through-Six-Months-in-Robust-Phase-2b-Trial-in-RA.html
2025-06-03 16:05:00+00:00,regular_market,2025-06-03 12:10:00-04:00,2025-06-03 16:42:00+00:00,WINT,LONG,1268,0.789900004863739,0.7977990049123764,0.7977990049123764,0.7859505048394203,True,False,10.015932061672245,0.9997818043164117,10028.133903833037,corporate_action,https://www.globenewswire.com/news-release/2025/06/03/3093194/0/en/Windtree-Announces-Plan-for-Cryptocurrency-Treasury-Policy.html
2025-06-03 16:30:00+00:00,regular_market,2025-06-03 12:35:00-04:00,2025-06-03 16:48:00+00:00,DBVT,SHORT,125,8.00790023803711,7.927821235656738,7.927821235656738,8.047939739227294,True,False,10.009875297546378,0.9981792618186239,10038.143779130583,regulatory_filings,https://www.globenewswire.com/news-release/2025/06/03/3093208/0/en/DBV-Technologies-announces-the-filing-of-an-addendum-to-the-2024-Universal-Registration-Document.html
2025-06-03 16:30:00+00:00,regular_market,2025-06-03 12:35:00-04:00,2025-06-03 16:48:00+00:00,DBVT,LONG,125,8.00790023803711,7.967860736846924,8.08797924041748,7.967860736846924,False,True,-5.004937648773189,-0.4985919467679385,10033.13884148181,company_regulatory_filings,https://www.globenewswire.com/news-release/2025/06/03/3093208/0/fr/DBV-Technologies-publie-un-amendement-%C3%A0-son-Document-d-enregistrement-universel-2024.html
2025-06-03 17:00:00+00:00,regular_market,2025-06-03 13:05:00-04:00,2025-06-03 16:56:00-04:00,OCS,LONG,51,19.31999969482422,19.440000534057617,19.51319969177246,19.223399696350096,False,False,6.12004280090332,0.6099828675349459,10039.258884282714,changes_in_companys_own_shares,https://www.globenewswire.com/news-release/2025/06/03/3093227/0/en/Oculis-Publishes-Notifications-of-Transactions-by-Persons-Discharging-Managerial-Responsibilities.html
2025-06-03 17:17:00+00:00,regular_market,2025-06-03 13:20:00-04:00,2025-06-03 17:27:00+00:00,TSHA,LONG,346,2.8949999809265137,2.880524981021881,2.9239499807357787,2.880524981021881,False,True,-5.00834996700293,-0.49887646336562896,10034.25053431571,clinical_study,https://www.globenewswire.com/news-release/2025/06/03/3093240/0/en/Taysha-Gene-Therapies-Announces-Details-for-Oral-Presentations-at-the-2025-IRSF-Rett-Syndrome-Scientific-Meeting-Reviewing-Recent-Updates-from-the-TSHA-102-Clinical-Program.html
2025-06-04 01:00:00+00:00,after_market,2025-06-04 10:26:00-04:00,2025-06-04 17:11:00+00:00,VALN,LONG,159,6.292799949645996,6.261335949897766,6.355727949142456,6.261335949897766,False,True,-5.00277595996864,-0.49856996721975966,10029.247758355741,annual_general_meeting,https://www.globenewswire.com/news-release/2025/06/04/3093286/0/en/Valneva-Announces-Availability-of-Documentation-for-its-Combined-Shareholder-Meeting-and-Provides-Corporate-Update.html
2025-06-04 01:00:00+00:00,after_market,2025-06-04 10:26:00-04:00,2025-06-04 17:11:00+00:00,VALN,LONG,159,6.292799949645996,6.261335949897766,6.355727949142456,6.261335949897766,False,True,-5.00277595996864,-0.49881866322433216,10024.244982395772,annual_general_meeting,https://www.globenewswire.com/news-release/2025/06/04/3093286/0/fr/Valneva-annonce-la-mise-%C3%A0-disposition-des-documents-pr%C3%A9paratoires-%C3%A0-son-Assembl%C3%A9e-G%C3%A9n%C3%A9rale-Mixte-et-une-%C3%A9volution-de-son-%C3%A9quipe-de-direction.html
2025-06-04 06:55:00+00:00,pre_market,2025-06-04 10:26:00-04:00,2025-06-04 16:40:00+00:00,RVVTF,SHORT,44120,0.02271999977529049,0.02283359977416694,0.022492799777537584,0.02283359977416694,False,True,-5.012031950428941,-0.49999096782160607,10019.232950445343,product_services_announcement,https://www.globenewswire.com/news-release/2025/06/04/3093409/0/en/Revive-Therapeutics-Advances-with-Next-Generation-Bucillamine-Development.html
2025-06-04 07:45:00+00:00,pre_market,2025-06-04 10:26:00-04:00,2025-06-04 14:53:00+00:00,ALVO,LONG,87,11.489999771118164,11.432549772262574,11.604899768829346,11.432549772262574,False,True,-4.998149900436358,-0.49885554364859797,10014.234800544906,mergers_acquisitions,https://www.globenewswire.com/news-release/2025/06/04/3093479/0/en/Alvotech-Completes-Acquisition-of-Xbrane-R-D-Organization-and-biosimilar-candidate-to-Cimzia.html
2025-06-04 07:45:00+00:00,pre_market,2025-06-04 10:26:00-04:00,2025-06-04 14:53:00+00:00,ALVO,LONG,87,11.489999771118164,11.432549772262574,11.604899768829346,11.432549772262574,False,True,-4.998149900436358,-0.49910452470760847,10009.236650644469,mergers_acquisitions,https://www.globenewswire.com/news-release/2025/06/04/3093479/0/is/Alvotech-l%C3%BDkur-vi%C3%B0-kaup-%C3%A1-ranns%C3%B3knara%C3%B0st%C3%B6%C3%B0u-Xbrane-og-fyrirhuga%C3%B0ri-hli%C3%B0st%C3%A6%C3%B0u-vi%C3%B0-Cimzia.html
2025-06-04 08:00:00+00:00,pre_market,2025-06-04 10:26:00-04:00,2025-06-04 14:29:00+00:00,ELTX,LONG,117,8.5,8.585,8.585,8.4575,True,False,9.9450000000001,0.9935822627752303,10019.181650644468,financing_agreements,https://www.globenewswire.com/news-release/2025/06/04/3093507/0/en/Elicio-Therapeutics-Secures-10-Million-in-Financing.html
2025-06-04 11:32:00+00:00,pre_market,2025-06-04 10:26:00-04:00,2025-06-04 14:53:00+00:00,ALVO,LONG,87,11.489999771118164,11.432549772262574,11.604899768829346,11.432549772262574,False,True,-4.998149900436358,-0.4988580978681887,10014.183500744031,shares_issue,https://www.globenewswire.com/news-release/2025/06/04/3093802/0/en/Alvotech-intends-to-carry-out-a-private-placement-of-approximately-7-5-million-SDRs-and-ordinary-shares.html
2025-06-04 11:32:00+00:00,pre_market,2025-06-04 10:26:00-04:00,2025-06-04 14:53:00+00:00,ALVO,LONG,87,11.489999771118164,11.432549772262574,11.604899768829346,11.432549772262574,False,True,-4.998149900436358,-0.499107081477487,10009.185350843594,initial_public_offerings,https://www.globenewswire.com/news-release/2025/06/04/3093802/0/is/Alvotech-r%C3%A1%C3%B0gerir-%C3%BAtbo%C3%B0-til-stofnanafj%C3%A1rfesta-%C3%A1-um-7-5-millj%C3%B3num-s%C3%A6nskra-heimildarsk%C3%ADrteina-og-hlutabr%C3%A9fum.html
2025-06-04 16:05:00+00:00,regular_market,2025-06-04 12:10:00-04:00,2025-06-04 17:20:00+00:00,RAPT,LONG,981,1.0199999809265137,1.014899981021881,1.030199980735779,1.014899981021881,False,True,-5.003099906444593,-0.49985086009251706,10004.18225093715,conference_call_webinar,https://www.globenewswire.com/news-release/2025/06/04/3093978/0/en/RAPT-Therapeutics-to-Participate-in-Upcoming-Investor-Conferences.html
2025-06-04 16:32:00+00:00,regular_market,2025-06-04 12:35:00-04:00,2025-06-04 16:39:00+00:00,DBVT,LONG,125,7.974999904632568,8.054749903678895,8.054749903678895,7.935124905109405,True,False,9.968749880790773,0.9964582442364983,10014.151000817941,voting_rights,https://www.globenewswire.com/news-release/2025/06/04/3094008/0/en/Information-Regarding-the-Total-Number-of-Voting-Rights-and-Total-Number-of-Shares-of-the-Company-as-of-May-30-2025.html
2025-06-04 16:32:00+00:00,regular_market,2025-06-04 12:35:00-04:00,2025-06-04 16:39:00+00:00,DBVT,SHORT,125,7.974999904632568,8.01487490415573,7.895249905586242,8.01487490415573,False,True,-4.984374940395275,-0.4977331518156815,10009.166625877546,regulatory_filings,https://www.globenewswire.com/news-release/2025/06/04/3094008/0/fr/Information-relative-au-nombre-total-des-droits-de-vote-et-d-actions-composant-le-capital-social-au-30-mai-2025.html
2025-06-04 22:29:00+00:00,after_market,2025-06-05 10:26:00-04:00,2025-06-05 14:49:00+00:00,ALVO,SHORT,91,10.880000114440918,10.771200113296509,10.771200113296509,10.934400115013121,True,False,9.900800104141261,0.9891732722826178,10019.067425981688,shares_issue,https://www.globenewswire.com/news-release/2025/06/05/3094086/0/en/Alvotech-has-carried-out-a-private-placement-of-7-500-000-SDRs-and-ordinary-shares-at-a-price-of-SEK-100-00-per-SDR-and-ISK-1320-83-per-ordinary-share-raising-gross-proceeds-of-SEK.html
2025-06-05 01:30:00+00:00,after_market,2025-06-05 10:26:00-04:00,2025-06-05 15:47:00+00:00,VALN,LONG,161,6.210000038146973,6.272100038528443,6.272100038528443,6.178950037956238,True,False,9.998100061416672,0.9979072538716884,10029.065526043105,voting_rights,https://www.globenewswire.com/news-release/2025/06/05/3094100/0/en/Valneva-SE-Declaration-of-shares-and-voting-rights-May-2025.html
2025-06-05 01:30:00+00:00,after_market,2025-06-05 10:26:00-04:00,2025-06-05 15:47:00+00:00,VALN,LONG,161,6.210000038146973,6.272100038528443,6.272100038528443,6.178950037956238,True,False,9.998100061416672,0.9969124277285831,10039.063626104522,voting_rights,https://www.globenewswire.com/news-release/2025/06/05/3094100/0/fr/Valneva-SE-D%C3%A9claration-d-actions-et-de-droits-de-vote-mai-2025.html
2025-06-05 02:55:00+00:00,after_market,2025-06-05 10:26:00-04:00,2025-06-05 14:43:00+00:00,ALVO,LONG,92,10.880000114440918,10.825600113868713,10.988800115585327,10.825600113868713,False,True,-5.004800052642835,-0.49853255632615784,10034.05882605188,licensing_agreements,https://www.globenewswire.com/news-release/2025/06/05/3094121/0/en/Alvotech-and-Dr-Reddy-s-Enter-into-Collaboration-to-Co-Develop-Biosimilar-Candidate-to-Keytruda-pembrolizumab.html
2025-06-05 02:55:00+00:00,after_market,2025-06-05 10:26:00-04:00,2025-06-05 14:43:00+00:00,ALVO,LONG,92,10.880000114440918,10.825600113868713,10.988800115585327,10.825600113868713,False,True,-5.004800052642835,-0.4987812150003194,10029.054025999238,licensing_agreements,https://www.globenewswire.com/news-release/2025/06/05/3094122/0/en/Alvotech-and-Dr-Reddy-s-Enter-into-Collaboration-to-Co-Develop-Biosimilar-Candidate-to-Keytruda-pembrolizumab.html
2025-06-05 02:55:00+00:00,after_market,2025-06-05 10:26:00-04:00,2025-06-05 14:43:00+00:00,ALVO,LONG,92,10.880000114440918,10.825600113868713,10.988800115585327,10.825600113868713,False,True,-5.004800052642835,-0.49903012185081785,10024.049225946595,partnerships,https://www.globenewswire.com/news-release/2025/06/05/3094121/0/is/Alvotech-og-Dr-Reddys-ganga-til-samstarfs-um-%C3%BEr%C3%B3un-hli%C3%B0st%C3%A6%C3%B0u-vi%C3%B0-krabbameinslyfi%C3%B0-Keytruda.html
2025-06-05 04:00:00+00:00,pre_market,2025-06-05 10:26:00-04:00,2025-06-05 18:57:00+00:00,OCS,SHORT,51,19.420000076293945,19.517100076675412,19.225800075531005,19.517100076675412,False,True,-4.952100019454797,-0.4940219174738896,10019.097125927141,annual_general_meeting,https://www.globenewswire.com/news-release/2025/06/05/3094138/0/en/Oculis-Publishes-Results-of-2025-Annual-General-Meeting.html
2025-06-05 04:00:00+00:00,pre_market,2025-06-05 10:26:00-04:00,2025-06-05 18:57:00+00:00,OCS,SHORT,51,19.420000076293945,19.517100076675412,19.225800075531005,19.517100076675412,False,True,-4.952100019454797,-0.4942660957582584,10014.145025907686,annual_general_meeting,https://www.globenewswire.com/news-release/2025/06/05/3094142/0/en/Oculis-Publishes-Results-of-2025-Annual-General-Meeting.html
2025-06-05 04:00:00+00:00,pre_market,2025-06-05 10:26:00-04:00,2025-06-05 18:57:00+00:00,OCS,SHORT,51,19.420000076293945,19.517100076675412,19.225800075531005,19.517100076675412,False,True,-4.952100019454797,-0.4945105155400858,10009.192925888232,annual_general_meeting,https://www.globenewswire.com/news-release/2025/06/05/3094138/0/is/Oculis-birtir-ni%C3%B0urst%C3%B6%C3%B0ur-a%C3%B0alfundar-2025.html
2025-06-05 06:30:00+00:00,pre_market,2025-06-05 10:26:00-04:00,2025-06-05 17:31:00+00:00,ICCC,LONG,147,6.800000190734863,6.766000189781189,6.868000192642212,6.766000189781189,False,True,-4.998000140190119,-0.4993409735627199,10004.194925748041,annual_general_meeting,https://www.globenewswire.com/news-release/2025/06/05/3094204/0/en/ImmuCell-to-Hold-Virtual-Only-Annual-Meeting-of-Stockholders.html
2025-06-05 07:02:00+00:00,pre_market,2025-06-05 10:26:00-04:00,2025-06-05 14:27:00+00:00,OCGN,LONG,995,1.0049999952316284,0.9999749952554703,1.0150499951839447,0.9999749952554703,False,True,-4.999874976277338,-0.4997778445329007,9999.195050771763,licensing_agreements,https://www.globenewswire.com/news-release/2025/06/05/3094247/0/en/Ocugen-Inc-Announces-Signing-of-Binding-Term-Sheet-for-the-License-of-OCU400-Modifier-Gene-Therapy-for-Retinitis-Pigmentosa-in-Korea.html
2025-06-05 07:30:00+00:00,pre_market,2025-06-05 10:26:00-04:00,2025-06-05 14:26:00+00:00,OVID,LONG,3154,0.31700000166893005,0.3154150016605854,0.3201700016856194,0.3154150016605854,False,True,-4.999090026319062,-0.4999492460078794,9994.195960745445,clinical_study,https://www.globenewswire.com/news-release/2025/06/05/3094269/0/en/Ovid-Therapeutics-to-Host-Investor-and-Media-Event-Thursday-June-12-2025.html
2025-06-05 08:00:00+00:00,pre_market,2025-06-05 10:26:00-04:00,2025-06-05 14:35:00+00:00,ANVS,LONG,329,3.0320000648498535,3.016840064525604,3.0623200654983522,3.016840064525604,False,True,-4.987640106678038,-0.49905366337303847,9989.208320638767,conference_call_webinar,https://www.globenewswire.com/news-release/2025/06/05/3094306/0/en/Annovis-to-Host-Webinar-and-Live-Q-A-on-June-24-2025.html
2025-06-05 08:00:00+00:00,pre_market,2025-06-05 10:26:00-04:00,2025-06-05 14:30:00+00:00,IMNN,SHORT,670,1.4902000427246094,1.4976510429382324,1.4752980422973632,1.4976510429382324,False,True,-4.992170143127406,-0.4997563353256985,9984.21615049564,conference_call_webinar,https://www.globenewswire.com/news-release/2025/06/05/3094318/0/en/IMUNON-to-Present-at-the-Zacks-SCR-Life-Sciences-Virtual-Investor-Forum-on-June-12th.html
2025-06-05 08:00:00+00:00,pre_market,2025-06-05 10:26:00-04:00,2025-06-05 14:28:00+00:00,PCRX,LONG,37,26.639999389648438,26.506799392700195,26.906399383544922,26.506799392700195,False,True,-4.9283998870849715,-0.4936191096824675,9979.287750608555,changes_in_companys_own_shares,https://www.globenewswire.com/news-release/2025/06/05/3094300/0/en/Pacira-BioSciences-Reports-Inducement-Grants-Under-Nasdaq-Listing-Rule-5635-c-4.html
2025-06-05 08:19:00+00:00,pre_market,2025-06-05 10:26:00-04:00,2025-06-05 15:03:00+00:00,BMRA,LONG,314,3.1700000762939453,3.1541500759124754,3.2017000770568846,3.1541500759124754,False,True,-4.976900119781544,-0.49872297945091765,9974.310850488773,clinical_study,https://www.globenewswire.com/news-release/2025/06/05/3094356/0/en/Biomerica-s-inFoods-IBS-Clinical-Study-Results-Published-in-June-Issue-of-Gastroenterology.html
2025-06-05 11:45:00+00:00,pre_market,2025-06-05 10:26:00-04:00,2025-06-05 15:47:00+00:00,VALN,SHORT,160,6.210000038146973,6.241050038337707,6.147900037765503,6.241050038337707,False,True,-4.968000030517459,-0.4980795269954927,9969.342850458255,clinical_study,https://www.globenewswire.com/news-release/2025/06/05/3094602/0/en/Valneva-Reports-Positive-Six-Month-Antibody-Persistence-and-Safety-Phase-2-Results-in-Children-for-its-Single-Shot-Chikungunya-Vaccine-IXCHIQ.html
2025-06-05 11:45:00+00:00,pre_market,2025-06-05 10:26:00-04:00,2025-06-05 15:47:00+00:00,VALN,LONG,160,6.210000038146973,6.272100038528443,6.272100038528443,6.178950037956238,True,False,9.936000061035202,0.9966554676749309,9979.278850519291,clinical_study,https://www.globenewswire.com/news-release/2025/06/05/3094602/0/fr/Valneva-annonce-des-r%C3%A9sultats-positifs-de-Phase-2-%C3%A0-six-mois-sur-la-persistance-des-anticorps-et-l-innocuit%C3%A9-de-son-vaccin-%C3%A0-dose-unique-contre-le-chikungunya-IXCHIQ-chez-les-enfan.html
2025-06-05 12:05:00+00:00,pre_market,2025-06-05 10:26:00-04:00,2025-06-05 14:34:00+00:00,SCLX,LONG,146,6.800000190734863,6.868000192642212,6.868000192642212,6.766000189781189,True,False,9.92800027847289,0.9948614952228003,9989.206850797764,clinical_study,https://www.globenewswire.com/news-release/2025/06/05/3094624/0/en/Scilex-Holding-Company-Announces-Publication-on-GLOPERBA-Dosing-Adjustments-in-Peer-Review-Journal.html
2025-06-05 16:01:00+00:00,regular_market,2025-06-05 12:05:00-04:00,2025-06-05 16:10:00+00:00,NTLA,LONG,127,7.84499979019165,7.805774791240692,7.923449788093567,7.805774791240692,False,True,-4.981574866771707,-0.49869573642614734,9984.225275930992,changes_in_companys_own_shares,https://www.globenewswire.com/news-release/2025/06/05/3094754/0/en/Intellia-Therapeutics-Reports-Inducement-Grants-under-Nasdaq-Listing-Rule-5635-c-4.html
2025-06-06 01:00:00+00:00,after_market,2025-06-06 10:26:00-04:00,2025-06-06 15:28:00+00:00,ADXN,LONG,114,8.739999771118164,8.827399768829347,8.827399768829347,8.696299772262574,True,False,9.963599739074812,0.9979341875522478,9994.188875670066,clinical_study,https://www.globenewswire.com/news-release/2025/06/06/3094874/0/en/Addex-GABAB-PAM-Candidate-Demonstrates-Robust-Anti-Tussive-Activity-in-Multiple-Chronic-Cough-Preclinical-Models.html
2025-06-06 07:30:00+00:00,pre_market,2025-06-06 10:26:00-04:00,2025-06-06 14:52:00+00:00,TGTX,SHORT,24,40.0,40.199999999999996,39.6,40.199999999999996,False,True,-4.799999999999898,-0.4802790961540717,9989.388875670067,conference_call_webinar,https://www.globenewswire.com/news-release/2025/06/06/3095022/8790/en/TG-Therapeutics-to-Participate-in-the-Goldman-Sachs-46th-Annual-Global-Healthcare-Conference.html
2025-06-06 08:00:00+00:00,pre_market,2025-06-06 10:26:00-04:00,2025-06-06 14:38:00+00:00,TSHA,LONG,335,2.9749999046325684,2.9601249051094056,3.0047499036788943,2.9601249051094056,False,True,-4.983124840259516,-0.49884181127399135,9984.405750829808,changes_in_companys_own_shares,https://www.globenewswire.com/news-release/2025/06/06/3095044/0/en/Taysha-Gene-Therapies-Announces-Inducement-Grant-Under-Nasdaq-Listing-Rule-5635-c-4.html
2025-06-06 08:00:00+00:00,pre_market,2025-06-06 10:26:00-04:00,2025-06-06 14:42:00+00:00,ARQT,LONG,72,13.829999923706055,13.968299922943116,13.968299922943116,13.760849924087525,True,False,9.957599945068395,0.9973152327308829,9994.363350774876,conference_call_webinar,https://www.globenewswire.com/news-release/2025/06/06/3095048/0/en/Arcutis-to-Present-New-Long-Term-Results-of-ZORYVE-roflumilast-Cream-at-the-2025-Revolutionizing-Atopic-Dermatitis-Conference.html
2025-06-06 08:05:00+00:00,pre_market,2025-06-06 10:26:00-04:00,2025-06-06 14:41:00+00:00,CADL,LONG,172,5.78000020980835,5.837800211906433,5.837800211906433,5.751100208759308,True,False,9.94160036087041,0.9947207252675703,10004.304951135748,management_changes,https://www.globenewswire.com/news-release/2025/06/06/3095060/0/en/Candel-Therapeutics-Appoints-Maha-Radhakrishnan-M-D-to-its-Board-of-Directors.html
2025-06-06 08:30:00+00:00,pre_market,2025-06-06 10:26:00-04:00,2025-06-06 15:05:00+00:00,ALVO,LONG,93,10.680000305175781,10.786800308227539,10.786800308227539,10.626600303649901,True,False,9.93240028381347,0.9928126273965575,10014.23735141956,conference_call_webinar,https://www.globenewswire.com/news-release/2025/06/06/3095070/0/en/Alvotech-Meets-Investors-and-Presents-at-the-Goldman-Sachs-Global-Healthcare-Conference-in-Miami.html
2025-06-06 08:30:00+00:00,pre_market,2025-06-06 10:26:00-04:00,2025-06-06 15:05:00+00:00,ALVO,LONG,93,10.680000305175781,10.786800308227539,10.786800308227539,10.626600303649901,True,False,9.93240028381347,0.9918279281053299,10024.169751703374,conference_call_webinar,https://www.globenewswire.com/news-release/2025/06/06/3095069/0/en/Alvotech-Participates-in-the-Goldman-Sachs-Global-Healthcare-Conference-in-Miami.html
2025-06-06 08:30:00+00:00,pre_market,2025-06-06 10:26:00-04:00,2025-06-06 15:05:00+00:00,ALVO,LONG,93,10.680000305175781,10.786800308227539,10.786800308227539,10.626600303649901,True,False,9.93240028381347,0.9908451801831957,10034.102151987187,conference_call_webinar,https://www.globenewswire.com/news-release/2025/06/06/3095069/0/is/Alvotech-tekur-%C3%BE%C3%A1tt-%C3%AD-%C3%A1rlegri-heilbrig%C3%B0isr%C3%A1%C3%B0stefnu-Goldman-Sachs-fj%C3%A1rfestingabankans-%C3%AD-Miami.html
2025-06-06 09:30:00+00:00,pre_market,2025-06-06 10:26:00-04:00,2025-06-06 14:45:00+00:00,BMRA,SHORT,316,3.1700000762939453,3.1858500766754148,3.138300075531006,3.1858500766754148,False,True,-5.008600120544344,-0.49915777661805283,10029.093551866643,management_changes,https://www.globenewswire.com/news-release/2025/06/06/3095149/0/en/Biomerica-Appoints-Eric-B-Chin-to-Board-of-Directors-and-Audit-Committee-Chair.html
2025-06-06 09:39:00+00:00,pre_market,2025-06-06 10:26:00-04:00,2025-06-06 14:31:00+00:00,IMMX,LONG,468,2.140000104904175,2.1614001059532164,2.1614001059532164,2.129300104379654,True,False,10.015200490951472,0.99861472416791,10039.108752357595,government_news,https://www.globenewswire.com/news-release/2025/06/06/3095161/0/en/Immix-Biopharma-Attends-FDA-CEO-Forum-in-Washington-DC.html
2025-06-06 16:00:00+00:00,regular_market,2025-06-06 12:05:00-04:00,2025-06-06 17:00:00+00:00,ARQT,LONG,71,13.960000038146973,14.099600038528443,14.099600038528443,13.890200037956237,True,False,9.911600027084411,0.9872988002801304,10049.02035238468,changes_in_companys_own_shares,https://www.globenewswire.com/news-release/2025/06/06/3095428/0/en/Arcutis-Biotherapeutics-Reports-Inducement-Grants-Under-Nasdaq-Listing-Rule-5635-c-4.html
2025-06-06 16:05:00+00:00,regular_market,2025-06-06 12:10:00-04:00,2025-06-06 17:12:00+00:00,PYPD,LONG,309,3.25,3.23375,3.2825,3.23375,False,True,-5.021249999999961,-0.49967557273464913,10043.99910238468,conference_call_webinar,https://www.globenewswire.com/news-release/2025/06/06/3095438/0/en/PolyPid-to-Host-Conference-Call-and-Webcast-to-Discuss-D-PLEX-SHIELD-II-Phase-3-Trial-Topline-Results-on-Monday-June-9-2025.html
2025-06-06 16:30:00+00:00,regular_market,2025-06-06 12:35:00-04:00,2025-06-06 16:44:00+00:00,ORIC,LONG,102,9.789999961853027,9.887899961471557,9.887899961471557,9.741049962043762,True,False,9.985799961090073,0.9942055807949258,10053.98490234577,changes_in_companys_own_shares,https://www.globenewswire.com/news-release/2025/06/06/3095449/0/en/ORIC-Pharmaceuticals-Reports-Inducement-Grants-under-Nasdaq-Listing-Rule-5635-c-4.html
2025-06-09 07:00:00+00:00,pre_market,2025-06-09 10:26:00-04:00,2025-06-09 14:32:00+00:00,INAB,SHORT,318,3.1600000858306885,3.1284000849723816,3.1284000849723816,3.1758000862598417,True,False,10.048800272941573,0.9994843209479073,10064.033702618712,clinical_study,https://www.globenewswire.com/news-release/2025/06/09/3095724/0/en/IN8bio-Recognizes-Achievement-of-4-Years-in-Remission-for-Patient-Treated-with-INB-200-in-Glioblastoma-Trial.html
2025-06-09 07:30:00+00:00,pre_market,2025-06-09 10:26:00-04:00,2025-06-09 14:30:00+00:00,PYPD,LONG,269,3.740000009536743,3.7213000094890596,3.7774000096321108,3.7213000094890596,False,True,-5.030300012826881,-0.4998294085122123,10059.003402605886,clinical_study,https://www.globenewswire.com/news-release/2025/06/09/3095757/0/en/PolyPid-Announces-Positive-Topline-Results-from-Phase-3-SHIELD-II-Trial-D-PLEX-Demonstrated-Significant-Reduction-in-Surgical-Site-Infections-and-Successfully-Met-Primary-and-All-K.html
2025-06-09 08:00:00+00:00,pre_market,2025-06-09 10:26:00-04:00,2025-06-09 14:32:00+00:00,HUMA,LONG,396,2.5399999618530273,2.5653999614715577,2.5653999614715577,2.527299962043762,True,False,10.058399848938016,0.999939998661526,10069.061802454824,clinical_study,https://www.globenewswire.com/news-release/2025/06/09/3095788/0/en/Results-from-Humacyte-s-V007-Pivotal-Phase-3-AV-Access-Study-Highlighted-by-Presentation-at-the-Society-for-Vascular-Surgery-Meeting.html
2025-06-09 09:15:00+00:00,pre_market,2025-06-09 10:26:00-04:00,2025-06-09 17:28:00+00:00,LGVN,SHORT,812,1.2400000095367432,1.2462000095844268,1.2276000094413757,1.2462000095844268,False,True,-5.034400038719098,-0.4999870035053035,10064.027402416104,conference_call_webinar,https://www.globenewswire.com/news-release/2025/06/09/3095911/0/en/Longeveron-to-Participate-in-the-H-C-Wainwright-6th-Annual-Neuro-Perspectives-Hybrid-Conference.html
2025-06-09 16:05:00+00:00,regular_market,2025-06-09 12:10:00-04:00,2025-06-09 18:09:00+00:00,OCS,LONG,50,19.860000610351562,19.760700607299803,20.058600616455077,19.760700607299803,False,True,-4.965000152587962,-0.49334127919762993,10059.062402263517,annual_general_meeting,https://www.globenewswire.com/news-release/2025/06/09/3096188/0/en/Oculis-Publishes-Notifications-of-Transactions-by-Persons-Discharging-Managerial-Responsibilities.html
2025-06-10 07:05:00+00:00,pre_market,2025-06-10 10:26:00-04:00,2025-06-10 15:26:00+00:00,KBLB,LONG,11430,0.08799999952316284,0.08887999951839447,0.08887999951839447,0.08755999952554702,True,False,10.05839994549748,0.9999341432889525,10069.120802209014,geographic_expansion,https://www.globenewswire.com/news-release/2025/06/10/3096501/0/en/Kraig-Biocraft-Laboratories-Announces-Senior-Management-Trip-to-Southeast-Asia-to-Oversee-Expansion-of-Spider-Silk-Production.html
2025-06-10 08:00:00+00:00,pre_market,2025-06-10 10:26:00-04:00,2025-06-10 14:27:00+00:00,MDAI,LONG,484,2.0799999237060547,2.0695999240875245,2.100799922943115,2.0695999240875245,False,True,-5.0335998153686266,-0.4999046008331065,10064.087202393646,conference_call_webinar,https://www.globenewswire.com/news-release/2025/06/10/3096545/0/en/DeepView-System-highlighted-at-the-annual-British-Burn-Association-conference.html
2025-06-10 08:00:00+00:00,pre_market,2025-06-10 10:26:00-04:00,2025-06-10 14:32:00+00:00,XFOR,SHORT,265,3.785099983215332,3.8040254831314084,3.747248983383179,3.8040254831314084,False,True,-5.015257477760244,-0.49833207690881426,10059.071944915886,,https://www.globenewswire.com/news-release/2025/06/10/3096587/0/en/X4-Pharmaceuticals-Granted-Fast-Track-Designation-for-Mavorixafor-for-the-Treatment-of-Chronic-Neutropenia-by-U-S-FDA.html
2025-06-10 08:00:00+00:00,pre_market,2025-06-10 10:26:00-04:00,2025-06-10 14:37:00+00:00,ARQT,SHORT,70,14.194999694824219,14.053049697875977,14.053049697875977,14.265974693298338,True,False,9.936499786376913,0.9878147647009401,10069.008444702264,,https://www.globenewswire.com/news-release/2025/06/10/3096580/0/en/Arcutis-Enrolls-First-Child-in-INTEGUMENT-INFANT-Evaluating-ZORYVE-roflumilast-Cream-0-05-in-Infants-with-Atopic-Dermatitis.html
2025-06-10 08:00:00+00:00,pre_market,2025-06-10 10:26:00-04:00,2025-06-10 14:26:00+00:00,MBX,LONG,86,11.645000457763672,11.586775455474854,11.761450462341308,11.586775455474854,False,True,-5.007350196838367,-0.4973032075936879,10064.001094505425,clinical_study,https://www.globenewswire.com/news-release/2025/06/10/3096537/0/en/MBX-Biosciences-to-Present-at-the-American-Diabetes-Association-85th-Scientific-Sessions.html
2025-06-10 08:00:00+00:00,pre_market,2025-06-10 10:26:00-04:00,2025-06-10 14:26:00+00:00,WINT,LONG,1021,0.9848999977111816,0.9799754977226257,0.9947489976882935,0.9799754977226257,False,True,-5.027914488315605,-0.4995939925980991,10058.97318001711,mergers_acquisitions,https://www.globenewswire.com/news-release/2025/06/10/3096594/0/en/Windtree-Announces-Transformational-Agreement-to-Acquire-Revenue-Generating-Environmental-Services-Business.html
2025-06-10 08:45:00+00:00,pre_market,2025-06-10 10:26:00-04:00,2025-06-10 14:31:00+00:00,IOVA,SHORT,410,2.448699951171875,2.4242129516601563,2.4242129516601563,2.460943450927734,True,False,10.039669799804681,0.9980809790555186,10069.012849816914,conference_call_webinar,https://www.globenewswire.com/news-release/2025/06/10/3096645/0/en/Iovance-Biotherapeutics-to-Present-at-Upcoming-Conference.html
2025-06-10 09:01:00+00:00,pre_market,2025-06-10 10:26:00-04:00,2025-06-10 14:54:00+00:00,MYNZ,LONG,491,2.049999952316284,2.070499951839447,2.070499951839447,2.0397499525547027,True,False,10.065499765873007,0.9996510994676135,10079.078349582787,clinical_study,https://www.globenewswire.com/news-release/2025/06/10/3096780/0/en/Mainz-Biomed-Initiates-Feasibility-Study-of-Biomarker-Panel-in-Pancreatic-Cancer-Project.html
2025-06-10 16:00:00+00:00,regular_market,2025-06-10 12:05:00-04:00,2025-06-10 16:29:00+00:00,INMB,LONG,125,8.050000190734863,8.130500192642211,8.130500192642211,8.009750189781188,True,False,10.062500238418481,0.9983551957243202,10089.140849821206,clinical_study,https://www.globenewswire.com/news-release/2025/06/10/3097127/0/en/XPro-Reduces-Amyloid-and-Enhances-Behavior-Post-Traumatic-Brain-Injury-in-an-Animal-Model-of-Alzheimer-s-Disease-Supported-by-Department-of-Defense.html
2025-06-10 16:15:00+00:00,regular_market,2025-06-10 12:20:00-04:00,2025-06-10 17:13:00+00:00,CELU,LONG,525,1.9200999736785889,1.910499473810196,1.9393009734153748,1.910499473810196,False,True,-5.0402624309063,-0.4995730068527709,10084.1005873903,management_changes,https://www.globenewswire.com/news-release/2025/06/10/3097149/0/en/Celularity-Announces-Chief-Financial-Officer-Transition.html
2025-06-10 16:47:00+00:00,regular_market,2025-06-10 12:50:00-04:00,2025-06-10 17:11:00+00:00,VXRT,LONG,2536,0.397599995136261,0.39561199516057965,0.4015759950876236,0.39561199516057965,False,True,-5.041567938327857,-0.49995216674376525,10079.059019451972,clinical_study,https://www.globenewswire.com/news-release/2025/06/10/3097178/25416/en/Vaxart-to-Host-Conference-Call-on-June-11-at-8-30-AM-ET-to-Discuss-Topline-Results-from-Its-Phase-I-Norovirus-Trial.html
2025-06-11 07:30:00+00:00,pre_market,2025-06-11 10:26:00-04:00,2025-06-11 14:31:00+00:00,OCGN,SHORT,847,1.1888999938964844,1.1948444938659666,1.1770109939575195,1.1948444938659666,False,True,-5.034991474151431,-0.49954975602724444,10074.02402797782,trade_show,https://www.globenewswire.com/news-release/2025/06/11/3097456/0/en/Ocugen-To-Present-at-BIO-International-Convention-2025.html
2025-06-11 07:30:00+00:00,pre_market,2025-06-11 10:26:00-04:00,2025-06-11 14:26:00+00:00,VXRT,LONG,1847,0.5453000068664551,0.5425735068321228,0.5507530069351196,0.5425735068321228,False,True,-5.035845563411721,-0.49988421205131633,10068.988182414409,clinical_study,https://www.globenewswire.com/news-release/2025/06/11/3097455/25416/en/Vaxart-Reports-Positive-Clinical-Data-Demonstrating-that-its-Second-Generation-Vaccine-Technology-Produces-Much-Stronger-Antibody-Responses-than-its-First-Generation-Technology.html
2025-06-11 08:00:00+00:00,pre_market,2025-06-11 10:26:00-04:00,2025-06-11 14:27:00+00:00,PCRX,LONG,40,24.68600082397461,24.562570819854738,24.932860832214356,24.562570819854738,False,True,-4.937200164794859,-0.49033726878513273,10064.050982249613,clinical_study,https://www.globenewswire.com/news-release/2025/06/11/3097504/0/en/Pacira-BioSciences-Unveils-Three-Year-Clinical-Data-Following-a-Single-Local-Administration-of-Investigational-Gene-Therapy-PCRX-201-in-Patients-with-Moderate-to-Severe-Osteoarthri.html
2025-06-11 09:00:00+00:00,pre_market,2025-06-11 10:26:00-04:00,2025-06-11 14:28:00+00:00,WINT,LONG,1447,0.6951000094413757,0.6916245093941689,0.7020510095357895,0.6916245093941689,False,True,-5.02904856830834,-0.49970420233147494,10059.021933681304,partnerships,https://www.globenewswire.com/news-release/2025/06/11/3097588/0/en/Windtree-Receives-Offer-for-Its-Preclinical-Oncology-Drug-Candidate.html
2025-06-11 09:25:00+00:00,pre_market,2025-06-11 10:26:00-04:00,2025-06-11 14:31:00+00:00,CAPR,LONG,78,12.890000343322754,13.01890034675598,13.01890034675598,12.82555034160614,True,False,10.054200267791693,0.9995206625533376,10069.076133949096,regulatory_filings,https://www.globenewswire.com/news-release/2025/06/11/3097631/0/en/Capricor-Therapeutics-Announces-Key-Regulatory-Updates-for-its-Duchenne-Muscular-Dystrophy-Program.html
2025-06-11 16:18:00+00:00,regular_market,2025-06-11 12:20:00-04:00,2025-06-11 16:50:00+00:00,ALVO,LONG,100,10.062000274658203,10.162620277404786,10.162620277404786,10.011690273284913,True,False,10.062000274658267,0.999297268270028,10079.138134223755,capital_investment,https://www.globenewswire.com/news-release/2025/06/11/3097946/0/en/Alvotech-s-Private-Placement-Completed-with-Delivery-of-SDRs-and-Shares-to-Investors.html
2025-06-11 16:20:00+00:00,regular_market,2025-06-11 12:25:00-04:00,2025-06-11 16:50:00+00:00,ALVO,LONG,100,10.062000274658203,10.162620277404786,10.162620277404786,10.011690273284913,True,False,10.062000274658267,0.9982996701367455,10089.200134498413,capital_investment,https://www.globenewswire.com/news-release/2025/06/11/3097948/0/en/Alvotech-s-Private-Placement-Completed-with-Delivery-of-SDRs-and-Shares-to-Investors.html
2025-06-11 16:20:00+00:00,regular_market,2025-06-11 12:25:00-04:00,2025-06-11 16:41:00+00:00,ALVO,SHORT,100,10.062000274658203,10.112310276031494,9.96138027191162,10.112310276031494,False,True,-5.031000137329045,-0.498652030910393,10084.169134361084,shares_issue,https://www.globenewswire.com/news-release/2025/06/11/3097948/0/is/%C3%96ll-br%C3%A9f-afhent-kaupendum-%C3%AD-hlutafj%C3%A1r%C3%BAtbo%C3%B0i-Alvotech.html
2025-06-11 16:30:00+00:00,regular_market,2025-06-11 12:35:00-04:00,2025-06-11 19:19:00+00:00,DBVT,LONG,113,8.885000228881836,8.840575227737427,8.973850231170655,8.840575227737427,False,True,-5.020025129318261,-0.4978124684772378,10079.149109231765,annual_general_meeting,https://www.globenewswire.com/news-release/2025/06/11/3097952/0/fr/DBV-Technologies-annonce-les-r%C3%A9sultats-de-son-Assembl%C3%A9e-G%C3%A9n%C3%A9rale-Mixte-2025.html
2025-06-11 16:30:00+00:00,regular_market,2025-06-11 12:35:00-04:00,2025-06-11 19:19:00+00:00,DBVT,LONG,113,8.885000228881836,8.840575227737427,8.973850231170655,8.840575227737427,False,True,-5.020025129318261,-0.498060409158972,10074.129084102446,annual_general_meeting,https://www.globenewswire.com/news-release/2025/06/11/3097952/0/en/DBV-Technologies-Announces-the-Voting-Results-of-its-2025-Combined-General-Meeting.html
2025-06-12 02:01:00+00:00,after_market,2025-06-12 10:26:00-04:00,2025-06-12 14:26:00+00:00,EDIT,LONG,496,2.0299999713897705,2.050299971103668,2.050299971103668,2.0198499715328215,True,False,10.068799858093165,0.9994709988362476,10084.197883960538,clinical_study,https://www.globenewswire.com/news-release/2025/06/12/3098060/0/en/Editas-Medicine-Reports-Proprietary-Targeted-Lipid-Nanoparticle-Delivery-in-Non-Human-Primates-Enables-In-Vivo-HBG1-2-Promoter-Editing-for-Sickle-Cell-Disease-and-Beta-Thalassemia-.html
2025-06-12 06:45:00+00:00,pre_market,2025-06-12 10:26:00-04:00,2025-06-12 14:48:00+00:00,BNTX,LONG,9,105.37000274658203,106.42370277404785,106.42370277404785,104.84315273284912,True,False,9.483300247192403,0.9404119550525784,10093.681184207731,mergers_acquisitions,https://www.globenewswire.com/news-release/2025/06/12/3098162/0/de/BioNTech-k%C3%BCndigt-strategische-Transaktion-zur-%C3%9Cbernahme-von-CureVac-im-Rahmen-eines-%C3%B6ffentlichen-Umtauschangebots-an.html
2025-06-12 06:45:00+00:00,pre_market,2025-06-12 10:26:00-04:00,2025-06-12 14:48:00+00:00,BNTX,LONG,9,105.37000274658203,106.42370277404785,106.42370277404785,104.84315273284912,True,False,9.483300247192403,0.9395284113024779,10103.164484454925,mergers_acquisitions,https://www.globenewswire.com/news-release/2025/06/12/3098162/0/en/BioNTech-Announces-Strategic-Transaction-to-Acquire-CureVac-in-Public-Exchange-Offer.html
2025-06-12 16:05:00+00:00,regular_market,2025-06-12 12:10:00-04:00,2025-06-12 16:42:00+00:00,DBVT,SHORT,105,9.604999542236328,9.65302453994751,9.508949546813964,9.65302453994751,False,True,-5.042624759674013,-0.4991133983251256,10098.121859695251,conference_call_webinar,https://www.globenewswire.com/news-release/2025/06/12/3098722/0/fr/DBV-Technologies-participera-au-prochain-congr%C3%A8s-EAACI-2025.html
2025-06-12 16:05:00+00:00,regular_market,2025-06-12 12:10:00-04:00,2025-06-12 16:42:00+00:00,DBVT,LONG,105,9.604999542236328,9.701049537658692,9.701049537658692,9.556974544525147,True,False,10.085249519348212,0.9987252738156767,10108.2071092146,conference_call_webinar,https://www.globenewswire.com/news-release/2025/06/12/3098722/0/en/DBV-Technologies-to-Participate-in-Upcoming-EAACI-Congress-2025.html
2025-06-13 08:30:00+00:00,pre_market,2025-06-13 10:26:00-04:00,2025-06-13 14:27:00+00:00,TLSA,LONG,644,1.5678000450134277,1.5599610447883605,1.583478045463562,1.5599610447883605,False,True,-5.0483161449432945,-0.4994274543841974,10103.158793069657,clinical_study,https://www.globenewswire.com/news-release/2025/06/13/3099003/0/en/Tiziana-Life-Sciences-to-Present-at-the-Bio-International-Convention.html
2025-06-13 09:00:00+00:00,pre_market,2025-06-13 10:26:00-04:00,2025-06-13 14:47:00+00:00,RAPT,LONG,1010,0.9995999932289124,1.0095959931612015,1.0095959931612015,0.9946019932627678,True,False,10.09595993161206,0.9992874642866609,10113.254753001269,changes_in_companys_own_shares,https://www.globenewswire.com/news-release/2025/06/13/3099033/0/en/RAPT-Therapeutics-Announces-Effective-Date-for-1-for-8-Reverse-Stock-Split.html
2025-06-13 10:30:00+00:00,pre_market,2025-06-13 10:26:00-04:00,2025-06-13 14:27:00+00:00,TLSA,LONG,645,1.5678000450134277,1.5599610447883605,1.583478045463562,1.5599610447883605,False,True,-5.056155145168361,-0.49995330570189245,10108.1985978561,clinical_study,https://www.globenewswire.com/news-release/2025/06/13/3099102/0/en/Tiziana-Life-Sciences-Expands-Phase-2-Clinical-Trial-of-Intranasal-Foralumab-with-Commencement-of-First-Patient-Dosing-at-Weill-Cornell-Multiple-Sclerosis-Center.html
2025-06-13 16:52:00+00:00,regular_market,2025-06-13 12:55:00-04:00,2025-06-13 16:58:00+00:00,VXRT,LONG,1490,0.6782000064849854,0.6748090064525604,0.6849820065498352,0.6748090064525604,False,True,-5.052590048313227,-0.49985069044694624,10103.146007807787,annual_general_meeting,https://www.globenewswire.com/news-release/2025/06/13/3099312/25416/en/Vaxart-Announces-Preliminary-Results-of-Annual-Meeting-of-Stockholders.html
2025-06-16 07:02:00+00:00,pre_market,2025-06-16 10:26:00-04:00,2025-06-16 14:27:00+00:00,OCGN,SHORT,833,1.2120000123977661,1.2180600124597547,1.1998800122737885,1.2180600124597547,False,True,-5.047980051636496,-0.4996443729245701,10098.09802775615,clinical_study,https://www.globenewswire.com/news-release/2025/06/16/3099710/0/en/Ocugen-Inc-Announces-U-S-FDA-Clearance-of-Investigational-New-Drug-Amendment-to-Initiate-Phase-2-3-Pivotal-Confirmatory-Clinical-Trial-of-OCU410ST-Modifier-Gene-Therapy-Candidate-f.html
2025-06-16 08:00:00+00:00,pre_market,2025-06-16 10:26:00-04:00,2025-06-16 14:32:00+00:00,WINT,LONG,1829,0.5519999861717224,0.5575199860334397,0.5575199860334397,0.5492399862408638,True,False,10.096079747080852,0.9998001325923208,10108.194107503232,clinical_study,https://www.globenewswire.com/news-release/2025/06/16/3099771/0/en/Windtree-Announces-Publication-of-Istaroxime-Positive-Phase-2-SEISMiC-B-Study.html
2025-06-16 08:00:00+00:00,pre_market,2025-06-16 10:26:00-04:00,2025-06-16 14:30:00+00:00,MBX,SHORT,99,10.140000343322754,10.190700345039367,10.038600339889527,10.190700345039367,False,True,-5.019300169944735,-0.49655755682599606,10103.174807333287,clinical_study,https://www.globenewswire.com/news-release/2025/06/16/3099759/0/en/MBX-Biosciences-Announces-IND-Submission-of-MBX-4291-its-Long-acting-GLP1-GIP-Receptor-Co-agonist-Prodrug-for-the-Treatment-of-Obesity.html
2025-06-16 08:00:00+00:00,pre_market,2025-06-16 10:26:00-04:00,2025-06-16 14:38:00+00:00,IMRX,LONG,463,2.180000066757202,2.201800067424774,2.201800067424774,2.169100066423416,True,False,10.093400309085855,0.9990325320076281,10113.268207642373,clinical_study,https://www.globenewswire.com/news-release/2025/06/16/3099746/0/en/Immuneering-to-Provide-Updates-from-Phase-2a-Clinical-Trial-of-IMM-1-104-in-First-Line-Pancreatic-Cancer-Patients-on-Tuesday-June-17-2025.html
2025-06-16 08:00:00+00:00,pre_market,2025-06-16 10:26:00-04:00,2025-06-16 14:33:00+00:00,XFOR,LONG,365,2.7699999809265137,2.7561499810218812,2.797699980735779,2.7561499810218812,False,True,-5.055249965190836,-0.49986313636680724,10108.212957677182,clinical_study,https://www.globenewswire.com/news-release/2025/06/16/3099765/0/en/X4-Pharmaceuticals-Presents-Positive-Phase-2-Chronic-Neutropenia-Trial-Data-in-Poster-Presentations-at-the-30th-Annual-Congress-of-the-European-Hematology-Association-EHA.html
2025-06-16 19:20:00+00:00,regular_market,2025-06-16 15:25:00-04:00,2025-06-16 19:40:00+00:00,PYPD,LONG,275,3.6700000762939453,3.6516500759124755,3.706700077056885,3.6516500759124755,False,True,-5.046250104904204,-0.49922277320756087,10103.166707572278,financing_agreements,https://www.globenewswire.com/news-release/2025/06/16/3100290/0/en/PolyPid-Secures-26-7-Million-Through-Warrant-Exercise-Following-Successful-SHIELD-II-Phase-3-Trial-Results.html
2025-06-17 06:00:00+00:00,pre_market,2025-06-17 10:26:00-04:00,2025-06-17 14:27:00+00:00,IMRX,LONG,467,2.1593000888824463,2.148503588438034,2.1808930897712706,2.148503588438034,False,True,-5.041965707540479,-0.49904805626552196,10098.124741864738,clinical_study,https://www.globenewswire.com/news-release/2025/06/17/3100460/0/en/Immuneering-Reports-Positive-Overall-Survival-Data-for-Atebimetinib-IMM-1-104-from-Ongoing-Phase-2a-Trial-in-First-Line-Pancreatic-Cancer-Patients.html
2025-06-17 07:00:00+00:00,pre_market,2025-06-17 10:26:00-04:00,2025-06-17 14:34:00+00:00,MLYS,LONG,72,13.845000267028809,13.775775265693664,13.983450269699096,13.775775265693664,False,True,-4.984200096130422,-0.493576800003961,10093.140541768607,clinical_study,https://www.globenewswire.com/news-release/2025/06/17/3100518/0/en/Mineralys-Therapeutics-Announces-Positive-Topline-Results-from-Phase-2-Explore-CKD-Trial-of-Lorundrostat-for-the-Treatment-of-Hypertension-in-Subjects-with-CKD-and-Albuminuria.html
2025-06-17 08:00:00+00:00,pre_market,2025-06-17 10:26:00-04:00,2025-06-17 15:01:00+00:00,ELTX,LONG,124,8.079999923706055,8.039599924087524,8.160799922943115,8.039599924087524,False,True,-5.009599952697833,-0.4963370847722297,10088.130941815909,conference_call_webinar,https://www.globenewswire.com/news-release/2025/06/17/3100565/0/en/Elicio-Therapeutics-to-Host-Virtual-KOL-Event-on-June-25-2025-to-Discuss-AMP-Powered-ELI-002-for-the-Treatment-of-KRAS-mutation-driven-Pancreatic-Cancer.html
2025-06-17 08:05:00+00:00,pre_market,2025-06-17 10:26:00-04:00,2025-06-17 14:30:00+00:00,IMNN,LONG,877,1.149399995803833,1.1436529958248138,1.1608939957618714,1.1436529958248138,False,True,-5.040118981599815,-0.4996087987625358,10083.090822834309,clinical_study,https://www.globenewswire.com/news-release/2025/06/17/3100614/0/en/IMUNON-Announces-PlaCCine-DNA-Vaccine-Technology-Abstract-Selected-for-Oral-Presentation-at-10th-International-Conference-on-Vaccines-Research-Development.html
2025-06-17 09:00:00+00:00,pre_market,2025-06-17 10:26:00-04:00,2025-06-17 14:42:00+00:00,CAPR,LONG,83,12.029999732971191,12.150299730300903,12.150299730300903,11.969849734306335,True,False,9.984899778366048,0.9902618109671395,10093.075722612675,regulatory_filings,https://www.globenewswire.com/news-release/2025/06/17/3100690/0/en/Capricor-Therapeutics-Announces-Orphan-Drug-Designation-for-Becker-Muscular-Dystrophy-and-Regulatory-Progress-for-Duchenne-Muscular-Dystrophy-Program.html
2025-06-17 14:55:00+00:00,regular_market,2025-06-17 11:00:00-04:00,2025-06-17 15:00:00+00:00,EYEN,LONG,238,4.230100154876709,4.2724011564254765,4.2724011564254765,4.208949654102326,True,False,10.06763836860666,0.9974797222665213,10103.143360981281,financing_agreements,https://www.globenewswire.com/news-release/2025/06/17/3101041/0/en/Eyenovia-Announces-50-Million-Investment-to-Launch-a-Hyperliquid-HYPE-token-Cryptocurrency-Treasury-Reserve-Strategy.html
2025-06-18 01:00:00+00:00,after_market,2025-06-18 10:26:00-04:00,2025-06-18 15:55:00+00:00,ADXN,LONG,123,8.199999809265137,8.281999807357789,8.281999807357789,8.15899981021881,True,False,10.08599976539617,0.9983031424010749,10113.229360746678,financial_results,https://www.globenewswire.com/news-release/2025/06/18/3101159/0/en/Addex-Therapeutics-to-Release-Q1-2025-Financial-Results-and-Host-Conference-Call-on-June-19-2025.html
2025-06-18 08:00:00+00:00,pre_market,2025-06-18 10:26:00-04:00,2025-06-18 17:06:00+00:00,PCRX,SHORT,41,24.584999084472656,24.33914909362793,24.33914909362793,24.707924079895015,True,False,10.07984962463373,0.9966993988841479,10123.309210371312,feature_article,https://www.globenewswire.com/news-release/2025/06/18/3101383/0/en/Pacira-BioSciences-Debuts-Inspiring-New-Film-Highlighting-One-Patient-s-Journey-to-Pain-Relief-and-Innovation-in-Care-at-BIO-2025.html
2025-06-18 08:05:00+00:00,pre_market,2025-06-18 10:26:00-04:00,2025-06-18 14:48:00+00:00,IMNN,LONG,1033,0.9794999957084656,0.9746024957299232,0.9892949956655502,0.9746024957299232,False,True,-5.059117477834285,-0.4997493776690361,10118.250092893477,clinical_study,https://www.globenewswire.com/news-release/2025/06/18/3101425/0/en/IMUNON-Presents-Positive-Phase-2-Translational-Data-of-IMNN-001-in-Advanced-Ovarian-Cancer-at-ESMO-Gynaecological-Cancers-Congress-2025.html
2025-06-18 08:32:00+00:00,pre_market,2025-06-18 10:26:00-04:00,2025-06-18 14:27:00+00:00,EYEN,LONG,196,5.150000095367432,5.124250094890594,5.201500096321106,5.124250094890594,False,True,-5.0470000934601735,-0.49880167490670335,10113.203092800017,financing_agreements,https://www.globenewswire.com/news-release/2025/06/18/3101458/0/en/Eyenovia-Announces-Appointment-of-a-Strategic-Advisor-for-Digital-Asset-Treasury-Strategy-and-Amendment-of-Debt-Agreement-with-Avenue-Capital-Group.html
2025-06-18 16:05:00+00:00,regular_market,2025-06-18 12:10:00-04:00,2025-06-18 16:22:00+00:00,ANNX,LONG,416,2.430999994277954,2.418844994306564,2.4553099942207335,2.418844994306564,False,True,-5.056479988098204,-0.4999879802372513,10108.14661281192,clinical_study,https://www.globenewswire.com/news-release/2025/06/18/3101903/0/en/Annexon-Bolsters-Ophthalmology-Expertise-with-Appointment-of-Retina-Specialist-Lloyd-Clark-M-D-as-Pivotal-ANX007-Program-Advances-in-Dry-Age-Related-Macular-Degeneration-AMD-with-G.html
2025-06-19 01:00:00+00:00,after_market,2025-06-20 10:26:00-04:00,2025-06-20 15:09:00+00:00,ADXN,LONG,114,8.819999694824219,8.775899696350098,8.908199691772461,8.775899696350098,False,True,-5.027399826049724,-0.497361189802844,10103.11921298587,financial_results,https://www.globenewswire.com/news-release/2025/06/19/3102000/0/en/Addex-Therapeutics-Reports-Q1-2025-Financial-Results-and-Provides-Corporate-Update.html
2025-06-20 09:25:00+00:00,pre_market,2025-06-20 10:26:00-04:00,2025-06-20 14:28:00+00:00,CAPR,LONG,102,9.819999694824219,9.918199691772461,9.918199691772461,9.770899696350098,True,False,10.016399688720718,0.9914165593380616,10113.13561267459,clinical_study,https://www.globenewswire.com/news-release/2025/06/20/3102761/0/en/Capricor-Therapeutics-Announces-Positive-4-Year-Data-from-HOPE-2-Open-Label-Extension-Study-of-Deramiocel-in-Duchenne-Muscular-Dystrophy.html
2025-06-23 04:00:00+00:00,pre_market,2025-06-23 10:26:00-04:00,2025-06-23 14:39:00+00:00,ALVO,LONG,110,9.149999618530273,9.104249620437622,9.241499614715575,9.104249620437622,False,True,-5.032499790191611,-0.4976201232666632,10108.103112884399,product_services_announcement,https://www.globenewswire.com/news-release/2025/06/23/3103152/0/is/Lyfjastofnun-Evr%C3%B3pu-m%C3%A6lir-me%C3%B0-%C3%BEv%C3%AD-a%C3%B0-veita-marka%C3%B0sleyfi-fyrir-AVT06-fyrirhuga%C3%B0a-hli%C3%B0st%C3%A6%C3%B0u-Alvotech-vi%C3%B0-augnlyfi%C3%B0-Eylea.html
2025-06-23 04:00:00+00:00,pre_market,2025-06-23 10:26:00-04:00,2025-06-23 14:39:00+00:00,ALVO,LONG,110,9.149999618530273,9.104249620437622,9.241499614715575,9.104249620437622,False,True,-5.032499790191611,-0.49786787233866686,10103.070613094207,regulatory_filings,https://www.globenewswire.com/news-release/2025/06/23/3103152/0/en/European-Medicines-Agency-Recommends-Market-Approval-of-AVT06-Alvotech-s-Proposed-Biosimilar-to-Eylea-aflibercept.html
2025-06-23 04:00:00+00:00,pre_market,2025-06-23 10:26:00-04:00,2025-06-23 14:39:00+00:00,ALVO,LONG,110,9.149999618530273,9.104249620437622,9.241499614715575,9.104249620437622,False,True,-5.032499790191611,-0.4981158682261588,10098.038113304015,regulatory_filings,https://www.globenewswire.com/news-release/2025/06/23/3103150/0/en/European-Medicines-Agency-Recommends-Market-Approval-of-AVT06-Alvotech-s-Proposed-Biosimilar-to-Eylea-aflibercept.html
2025-06-23 07:00:00+00:00,pre_market,2025-06-23 10:26:00-04:00,2025-06-23 14:35:00+00:00,CDTX,LONG,24,40.529998779296875,40.32734878540039,40.93529876708985,40.32734878540039,False,True,-4.863599853515666,-0.4816380963256561,10093.1745134505,clinical_study,https://www.globenewswire.com/news-release/2025/06/23/3103267/0/en/Cidara-Therapeutics-Announces-Positive-Topline-Results-from-its-Phase-2b-NAVIGATE-Trial-Evaluating-CD388-a-Non-Vaccine-Preventative-of-Seasonal-Influenza.html
2025-06-23 07:30:00+00:00,pre_market,2025-06-23 10:26:00-04:00,2025-06-23 14:38:00+00:00,OCGN,LONG,996,1.0132999420166016,1.0082334423065185,1.0234329414367676,1.0082334423065185,False,True,-5.046233711242773,-0.49996497182506794,10088.128279739258,mergers_acquisitions,https://www.globenewswire.com/news-release/2025/06/23/3103287/0/en/Carisma-Therapeutics-and-OrthoCellix-Enter-into-Definitive-Merger-Agreement-to-Create-Company-Focused-on-Regenerative-Cell-Therapies-for-Orthopedic-Diseases.html
2025-06-23 08:00:00+00:00,pre_market,2025-06-23 10:26:00-04:00,2025-06-23 14:50:00+00:00,MBX,LONG,103,9.739999771118164,9.837399768829346,9.837399768829346,9.691299772262573,True,False,10.032199764251782,0.9944560067104022,10098.16047950351,management_changes,https://www.globenewswire.com/news-release/2025/06/23/3103333/0/en/MBX-Biosciences-Appoints-Andreas-Moraitis-M-D-as-Senior-Vice-President-of-Clinical-Development.html
2025-06-23 08:00:00+00:00,pre_market,2025-06-23 10:26:00-04:00,2025-06-23 15:57:00+00:00,IMMP,LONG,647,1.559999942779541,1.5521999430656432,1.5755999422073363,1.5521999430656432,False,True,-5.046599814891861,-0.49975436864318723,10093.113879688617,clinical_study,https://www.globenewswire.com/news-release/2025/06/23/3103327/0/en/Immutep-Announces-Positive-Update-from-Phase-I-Study-of-IMP761-a-First-in-Class-LAG-3-Agonist-Antibody-for-Autoimmune-Diseases.html
2025-06-23 08:00:00+00:00,pre_market,2025-06-23 10:26:00-04:00,2025-06-23 14:30:00+00:00,RAPT,LONG,131,7.650000095367432,7.611750094890595,7.726500096321106,7.611750094890595,False,True,-5.010750062465635,-0.49645234584633674,10088.103129626152,management_changes,https://www.globenewswire.com/news-release/2025/06/23/3103308/0/en/RAPT-Therapeutics-Names-Two-Industry-Veterans-to-its-Board-of-Directors.html
2025-06-23 08:05:00+00:00,pre_market,2025-06-23 10:26:00-04:00,2025-06-23 15:04:00+00:00,NKGN,LONG,4035,0.25,0.24875,0.2525,0.24875,False,True,-5.043750000000005,-0.4999701068863793,10083.059379626151,clinical_study,https://www.globenewswire.com/news-release/2025/06/23/3103355/0/en/NKGen-Biotech-Announces-International-and-U-S-Expansion-of-Phase-1-2a-Troculeucel-Alzheimer-s-Trial-with-Activation-of-Clinical-Sites-in-Canada-and-Florida.html
2025-06-23 08:05:00+00:00,pre_market,2025-06-23 10:26:00-04:00,2025-06-23 14:27:00+00:00,CADL,LONG,216,4.650000095367432,4.626750094890594,4.696500096321106,4.626750094890594,False,True,-5.0220001029968415,-0.4980631288499901,10078.037379523154,management_changes,https://www.globenewswire.com/news-release/2025/06/23/3103352/0/en/Candel-Therapeutics-Appoints-Charles-Schoch-as-Chief-Financial-Officer.html
2025-06-23 08:30:00+00:00,pre_market,2025-06-23 10:26:00-04:00,2025-06-23 14:26:00+00:00,EYEN,LONG,174,5.770699977874756,5.741846477985382,5.828406977653503,5.741846477985382,False,True,-5.020508980751099,-0.49816336174262604,10073.016870542402,financing_agreements,https://www.globenewswire.com/news-release/2025/06/23/3103404/0/en/Eyenovia-Announces-Closing-of-50-Million-Private-Placement-Successful-Accumulation-of-More-Than-One-Million-HYPE-Tokens-and-Update-on-its-Optejet-Development-Program.html
2025-06-23 16:05:00+00:00,regular_market,2025-06-23 12:10:00-04:00,2025-06-23 16:13:00+00:00,IOVA,LONG,532,1.8899999856948853,1.8805499857664107,1.908899985551834,1.8805499857664107,False,True,-5.027399961948437,-0.49909575518041666,10067.989470580455,corporate_action,https://www.globenewswire.com/news-release/2025/06/23/3103831/0/en/Iovance-Biotherapeutics-Reports-Inducement-Grants-under-NASDAQ-Listing-Rule-5635-c-4.html
2025-06-23 16:15:00+00:00,regular_market,2025-06-23 12:20:00-04:00,2025-06-23 16:28:00+00:00,CDTX,SHORT,24,41.8849983215332,41.46614833831787,41.46614833831787,42.094423313140865,True,False,10.052399597167948,0.9984515405525539,10078.041870177622,shares_issue,https://www.globenewswire.com/news-release/2025/06/23/3103844/0/en/Cidara-Announces-Proposed-Public-Offering-of-Common-Stock.html
2025-06-23 16:50:00+00:00,regular_market,2025-06-23 12:55:00-04:00,2025-06-23 16:58:00+00:00,SCLX,LONG,217,4.630000114440918,4.676300115585327,4.676300115585327,4.606850113868713,True,False,10.047100248336854,0.9969297982446045,10088.088970425959,corporate_action,https://www.globenewswire.com/news-release/2025/06/23/3103857/0/en/Scilex-Holding-Company-Announces-Deferral-of-Record-Date-for-its-Previously-Announced-Dividend-of-Preferred-Stock-Exchangeable-for-up-to-10-of-Scilex-s-Ownership-Interest-in-Semnur.html
2025-06-24 06:30:00+00:00,pre_market,2025-06-24 10:26:00-04:00,2025-06-24 14:39:00+00:00,LGVN,LONG,820,1.2300000190734863,1.2423000192642213,1.2423000192642213,1.223850018978119,True,False,10.086000156402669,0.9997929425454698,10098.174970582362,clinical_study,https://www.globenewswire.com/news-release/2025/06/24/3104065/0/en/Longeveron-Announces-Completion-of-Enrollment-of-Pivotal-Phase-2b-Clinical-Trial-Evaluating-Laromestrocel-as-a-Treatment-for-Hypoplastic-Left-Heart-Syndrome-HLHS.html
2025-06-24 09:00:00+00:00,pre_market,2025-06-24 10:26:00-04:00,2025-06-24 14:26:00+00:00,CAPR,LONG,117,8.619999885559082,8.576899886131287,8.706199884414673,8.576899886131287,False,True,-5.042699933052063,-0.49936745478685735,10093.13227064931,regulatory_filings,https://www.globenewswire.com/news-release/2025/06/24/3104316/0/en/Capricor-Therapeutics-Provides-Regulatory-Update-on-Deramiocel-BLA-for-Duchenne-Muscular-Dystrophy.html
2025-06-24 09:05:00+00:00,pre_market,2025-06-24 10:26:00-04:00,2025-06-24 14:33:00+00:00,CADL,SHORT,208,4.849999904632568,4.801499905586243,4.801499905586243,4.874249904155731,True,False,10.087999801635661,0.9994914889772548,10103.220270450945,shares_issue,https://www.globenewswire.com/news-release/2025/06/24/3104329/0/en/Candel-Therapeutics-Announces-15-million-Registered-Direct-Offering-of-Common-Stock.html
2025-06-24 16:05:00+00:00,regular_market,2025-06-24 12:10:00-04:00,2025-06-24 17:24:00+00:00,CRBP,LONG,126,7.98330020904541,7.943383708000183,8.063133211135865,7.943383708000183,False,True,-5.029479131698649,-0.4978095099449082,10098.190791319246,conference_call_webinar,https://www.globenewswire.com/news-release/2025/06/24/3104651/0/en/Corbus-Pharmaceuticals-to-Participate-in-the-3rd-Annual-Piper-Obesity-Symposium.html
2025-06-24 20:00:00+00:00,after_market,2025-06-25 10:26:00-04:00,2025-06-25 14:26:00+00:00,CDTX,SHORT,20,49.0,48.51,48.51,49.245,True,False,9.80000000000004,0.9704708697348498,10107.990791319246,shares_issue,https://www.globenewswire.com/news-release/2025/06/25/3104754/0/en/Cidara-Announces-Pricing-of-Upsized-Public-Offering-of-Common-Stock.html
2025-06-25 01:00:00+00:00,after_market,2025-06-25 10:26:00-04:00,2025-06-25 16:56:00-04:00,ADXN,SHORT,110,9.15999984741211,9.15999984741211,9.068399848937988,9.20579984664917,False,False,0.0,0.0,10107.990791319246,annual_general_meeting,https://www.globenewswire.com/news-release/2025/06/25/3104791/0/en/Addex-Shareholders-Approve-All-Resolutions-at-Annual-General-Meeting.html
2025-06-25 04:00:00+00:00,pre_market,2025-06-25 10:26:00-04:00,2025-06-25 14:26:00+00:00,ALVO,SHORT,109,9.199999809265137,9.245999808311462,9.107999811172485,9.245999808311462,False,True,-5.013999896049414,-0.4960431800507222,10102.976791423196,clinical_study,https://www.globenewswire.com/news-release/2025/06/25/3104830/0/en/Positive-Top-Line-Results-from-Confirmatory-Efficacy-Study-for-Proposed-Biosimilar-to-Xolair-omalizumab.html
2025-06-25 04:00:00+00:00,pre_market,2025-06-25 10:26:00-04:00,2025-06-25 19:45:00+00:00,ALVO,LONG,109,9.199999809265137,9.153999810218812,9.291999807357788,9.153999810218812,False,True,-5.013999896049414,-0.49628936100357973,10097.962791527147,clinical_study,https://www.globenewswire.com/news-release/2025/06/25/3104830/0/is/J%C3%A1kv%C3%A6%C3%B0-ni%C3%B0ursta%C3%B0a-%C3%BAr-kl%C3%ADn%C3%ADskri-ranns%C3%B3kn-fyrir-fyrirhuga%C3%B0a-hli%C3%B0st%C3%A6%C3%B0u-Alvotech-vi%C3%B0-l%C3%ADft%C3%A6knilyfi%C3%B0-Xolair.html
2025-06-25 04:00:00+00:00,pre_market,2025-06-25 10:26:00-04:00,2025-06-25 14:26:00+00:00,ALVO,SHORT,109,9.199999809265137,9.245999808311462,9.107999811172485,9.245999808311462,False,True,-5.013999896049414,-0.4965357864317433,10092.948791631097,clinical_study,https://www.globenewswire.com/news-release/2025/06/25/3104833/0/en/Positive-Top-Line-Results-from-Confirmatory-Efficacy-Study-for-Proposed-Biosimilar-to-Xolair-omalizumab.html
2025-06-25 08:00:00+00:00,pre_market,2025-06-25 10:26:00-04:00,2025-06-25 16:25:00+00:00,BCDA,LONG,465,2.1700000762939453,2.1591500759124758,2.191700077056885,2.1591500759124758,False,True,-5.04525017738334,-0.49987870557381375,10087.903541453714,patents,https://www.globenewswire.com/news-release/2025/06/25/3105029/0/en/BioCardia-Announces-New-United-States-Patent-for-Helix-Biotherapeutic-Delivery-System.html
2025-06-25 08:00:00+00:00,pre_market,2025-06-25 10:26:00-04:00,2025-06-25 14:26:00+00:00,OVID,LONG,3362,0.30000001192092896,0.2985000118613243,0.30300001204013827,0.2985000118613243,False,True,-5.043000200390853,-0.49990567214168,10082.860541253323,mergers_acquisitions,https://www.globenewswire.com/news-release/2025/06/25/3105008/0/en/Ovid-Therapeutics-Enters-Agreement-with-Immedica-Pharma-AB-for-Sale-of-Future-Ganaxolone-Royalties.html
2025-06-25 08:00:00+00:00,pre_market,2025-06-25 10:26:00-04:00,2025-06-25 14:26:00+00:00,ICCC,LONG,141,7.130000114440918,7.094350113868713,7.201300115585327,7.094350113868713,False,True,-5.026650080680892,-0.49853412730590707,10077.833891172642,management_changes,https://www.globenewswire.com/news-release/2025/06/25/3105042/0/en/ImmuCell-Embarks-on-CEO-Succession-Planning-Process.html
2025-06-25 08:00:00+00:00,pre_market,2025-06-25 10:26:00-04:00,2025-06-25 15:51:00+00:00,ENTX,LONG,509,1.979099988937378,1.9988909888267516,1.9988909888267516,1.969204488992691,True,False,10.073618943691223,0.9995817605720698,10087.907510116334,clinical_study,https://www.globenewswire.com/news-release/2025/06/25/3105034/0/en/OPKO-Health-and-Entera-Bio-Abstract-for-First-in-Class-Dual-GLP-1-Glucagon-Tablet-Candidate-for-Patients-with-Obesity-and-Metabolic-Disorders-Selected-for-Presentation-at-the-ENDO-.html
2025-06-25 08:00:00+00:00,pre_market,2025-06-25 10:26:00-04:00,2025-06-25 14:29:00+00:00,EVAX,LONG,423,2.3819000720977783,2.4057190728187563,2.4057190728187563,2.3699905717372896,True,False,10.075437304973685,0.9987638462059505,10097.982947421307,clinical_study,https://www.globenewswire.com/news-release/2025/06/25/3105043/0/en/Evaxion-expands-R-D-pipeline-with-new-vaccine-program-targeting-Group-A-Streptococcus.html
2025-06-25 08:00:00+00:00,pre_market,2025-06-25 10:26:00-04:00,2025-06-25 15:14:00+00:00,CRBP,LONG,126,7.965000152587891,8.04465015411377,8.04465015411377,7.925175151824951,True,False,10.035900192260751,0.9938519647454535,10108.018847613568,clinical_study,https://www.globenewswire.com/news-release/2025/06/25/3105004/0/en/Corbus-Pharmaceuticals-Announces-First-Patient-Dosed-with-its-Nectin-4-Targeting-ADC-CRB-701-in-Combination-with-Pembrolizumab.html
2025-06-25 08:01:00+00:00,pre_market,2025-06-25 10:26:00-04:00,2025-06-25 14:38:00+00:00,MYNZ,LONG,722,1.399999976158142,1.4139999759197235,1.4139999759197235,1.3929999762773513,True,False,10.107999827861766,0.9999981183501842,10118.12684744143,government_news,https://www.globenewswire.com/news-release/2025/06/25/3105048/0/en/Mainz-Biomed-Secures-Public-Funding-to-Advance-Innovative-Pancreatic-Cancer-Screening-Test.html
2025-06-25 08:30:00+00:00,pre_market,2025-06-25 10:26:00-04:00,2025-06-25 14:26:00+00:00,EYEN,LONG,96,10.470000267028809,10.417650265693664,10.574700269699097,10.417650265693664,False,True,-5.025600128173835,-0.49669273808764886,10113.101247313256,partnerships,https://www.globenewswire.com/news-release/2025/06/25/3105095/0/en/Eyenovia-Announces-Co-Branded-Validator-with-Kinetiq.html
2025-06-25 11:45:00+00:00,pre_market,2025-06-25 10:26:00-04:00,2025-06-25 16:07:00+00:00,VALN,LONG,176,5.714099884033203,5.685529384613037,5.771240882873535,5.685529384613037,False,True,-5.028407897949194,-0.49721720123044244,10108.072839415307,annual_general_meeting,https://www.globenewswire.com/news-release/2025/06/25/3105296/0/en/Valneva-Announces-Successful-Outcome-of-its-Annual-General-Meeting-Confirms-FY-2025-guidance.html
2025-06-25 11:45:00+00:00,pre_market,2025-06-25 10:26:00-04:00,2025-06-25 16:07:00+00:00,VALN,LONG,176,5.714099884033203,5.685529384613037,5.771240882873535,5.685529384613037,False,True,-5.028407897949194,-0.4974645491612878,10103.044431517357,annual_general_meeting,https://www.globenewswire.com/news-release/2025/06/25/3105296/0/fr/Valneva-annonce-l-approbation-des-r%C3%A9solutions-pr%C3%A9sent%C3%A9es-%C3%A0-son-Assembl%C3%A9e-G%C3%A9n%C3%A9rale-annuelle-et-confirme-ses-perspectives-financi%C3%A8res-2025.html
2025-06-25 16:15:00+00:00,regular_market,2025-06-25 12:20:00-04:00,2025-06-25 16:49:00+00:00,DBVT,SHORT,114,8.819999694824219,8.86409969329834,8.731799697875976,8.86409969329834,False,True,-5.027399826049724,-0.49761236428559064,10098.017031691308,clinical_study,https://www.globenewswire.com/news-release/2025/06/25/3105444/0/en/DBV-Technologies-Announces-First-Subject-Screened-in-COMFORT-Toddlers-Supplemental-Safety-Study-in-Peanut-Allergic-Toddlers-1-3-Years-Old.html
2025-06-25 16:15:00+00:00,regular_market,2025-06-25 12:20:00-04:00,2025-06-25 16:49:00+00:00,DBVT,SHORT,114,8.819999694824219,8.86409969329834,8.731799697875976,8.86409969329834,False,True,-5.027399826049724,-0.4978601056298366,10092.989631865259,clinical_study,https://www.globenewswire.com/news-release/2025/06/25/3105444/0/fr/DBV-Technologies-annonce-le-screening-du-premier-sujet-de-l-%C3%A9tude-compl%C3%A9mentaire-d-innocuit%C3%A9-COMFORT-Toddlers-chez-les-enfants-%C3%A2g%C3%A9s-de-1-%C3%A0-3-ans-allergiques-%C3%A0-l-arachide.html
2025-06-25 16:45:00+00:00,regular_market,2025-06-25 12:50:00-04:00,2025-06-25 17:44:00+00:00,ALVO,LONG,109,9.210000038146973,9.163950037956237,9.302100038528442,9.163950037956237,False,True,-5.0194500207901775,-0.4973204376375195,10087.970181844468,annual_general_meeting,https://www.globenewswire.com/news-release/2025/06/25/3105464/0/is/Ni%C3%B0ursta%C3%B0a-a%C3%B0alfundar-Alvotech-%C3%A1ri%C3%B0-2025.html
2025-06-25 16:45:00+00:00,regular_market,2025-06-25 12:50:00-04:00,2025-06-25 17:44:00+00:00,ALVO,LONG,109,9.210000038146973,9.163950037956237,9.302100038528442,9.163950037956237,False,True,-5.0194500207901775,-0.49756788831749194,10082.950731823677,annual_general_meeting,https://www.globenewswire.com/news-release/2025/06/25/3105463/0/en/Main-Results-of-2025-Annual-and-Extraordinary-General-Meeting.html
2025-06-25 16:45:00+00:00,regular_market,2025-06-25 12:50:00-04:00,2025-06-25 17:44:00+00:00,ALVO,LONG,109,9.210000038146973,9.163950037956237,9.302100038528442,9.163950037956237,False,True,-5.0194500207901775,-0.4978155853670746,10077.931281802887,annual_general_meeting,https://www.globenewswire.com/news-release/2025/06/25/3105464/0/en/Main-Results-of-2025-Annual-and-Extraordinary-General-Meeting.html
2025-06-26 01:00:00+00:00,after_market,2025-06-26 10:26:00-04:00,2025-06-26 16:43:00+00:00,VALN,LONG,174,5.78000020980835,5.751100208759308,5.837800211906433,5.751100208759308,False,True,-5.028600182533289,-0.49897146963217825,10072.902681620353,partnerships,https://www.globenewswire.com/news-release/2025/06/26/3105549/0/fr/Valneva-annonce-un-accord-exclusif-avec-CSL-Seqirus-pour-le-marketing-et-la-distribution-de-ses-vaccins-en-Allemagne.html
2025-06-26 01:00:00+00:00,after_market,2025-06-26 10:26:00-04:00,2025-06-26 16:43:00+00:00,VALN,LONG,174,5.78000020980835,5.751100208759308,5.837800211906433,5.751100208759308,False,True,-5.028600182533289,-0.49922056645189145,10067.87408143782,partnerships,https://www.globenewswire.com/news-release/2025/06/26/3105549/0/en/Valneva-Announces-Exclusive-Vaccine-Marketing-and-Distribution-Agreement-for-Germany-with-CSL-Seqirus.html
2025-06-26 04:15:00+00:00,pre_market,2025-06-26 10:26:00-04:00,2025-06-26 15:29:00+00:00,ALVO,LONG,106,9.475000381469727,9.427625379562377,9.569750385284424,9.427625379562377,False,True,-5.021750202179053,-0.49878953208579296,10062.852331235641,financing_agreements,https://www.globenewswire.com/news-release/2025/06/26/3105605/0/is/L%C3%A1nveitendur-Alvotech-l%C3%A6kka-vexti-%C3%A1-langt%C3%ADmaskuldum-f%C3%A9lagsins.html
2025-06-26 04:15:00+00:00,pre_market,2025-06-26 10:26:00-04:00,2025-06-26 15:29:00+00:00,ALVO,LONG,106,9.475000381469727,9.427625379562377,9.569750385284424,9.427625379562377,False,True,-5.021750202179053,-0.49903844723938434,10057.830581033462,financing_agreements,https://www.globenewswire.com/news-release/2025/06/26/3105606/0/en/Alvotech-s-Lenders-Lower-Interest-on-Senior-Secured-Term-Loan-Facility.html
2025-06-26 04:15:00+00:00,pre_market,2025-06-26 10:26:00-04:00,2025-06-26 15:29:00+00:00,ALVO,LONG,106,9.475000381469727,9.427625379562377,9.569750385284424,9.427625379562377,False,True,-5.021750202179053,-0.49928761095348034,10052.808830831284,financing_agreements,https://www.globenewswire.com/news-release/2025/06/26/3105605/0/sv/Alvotechs-l%C3%A5ngivare-s%C3%A4nker-r%C3%A4ntan-p%C3%A5-senior-s%C3%A4kerst%C3%A4lld-l%C3%A5nefacilitet.html
2025-06-26 04:15:00+00:00,pre_market,2025-06-26 10:26:00-04:00,2025-06-26 15:29:00+00:00,ALVO,LONG,106,9.475000381469727,9.427625379562377,9.569750385284424,9.427625379562377,False,True,-5.021750202179053,-0.49953702360057667,10047.787080629105,financing_agreements,https://www.globenewswire.com/news-release/2025/06/26/3105605/0/en/Alvotech-s-Lenders-Lower-Interest-on-Senior-Secured-Term-Loan-Facility.html
2025-06-26 07:00:00+00:00,pre_market,2025-06-26 10:26:00-04:00,2025-06-26 15:04:00+00:00,CRSP,LONG,21,46.099998474121094,46.56099845886231,46.56099845886231,45.86949848175049,True,False,9.680999679565495,0.96349570327075,10057.46808030867,clinical_study,https://www.globenewswire.com/news-release/2025/06/26/3105698/0/en/CRISPR-Therapeutics-Reports-Positive-Additional-Phase-1-Data-for-CTX310-Targeting-ANGPTL3-and-Provides-Update-on-In-Vivo-Cardiovascular-Pipeline.html
2025-06-26 07:00:00+00:00,pre_market,2025-06-26 10:26:00-04:00,2025-06-26 19:06:00+00:00,RVVTF,LONG,67049,0.014999999664723873,0.015149999661371111,0.015149999661371111,0.014924999666400254,True,False,10.057349775200683,0.999988237088396,10067.525430083871,clinical_study,https://www.globenewswire.com/news-release/2025/06/26/3105718/0/en/Revive-Therapeutics-Nears-Completion-of-Key-Nerve-Agent-Countermeasure-Study-with-Canadian-Department-of-National-Defence-Highlighting-Significant-Stockpiling-Opportunity.html
2025-06-26 08:00:00+00:00,pre_market,2025-06-26 10:26:00-04:00,2025-06-26 15:19:00+00:00,ENTX,LONG,505,1.9900000095367432,2.0099000096321107,2.0099000096321107,1.9800500094890594,True,False,10.049500048160597,0.9982095518855695,10077.574930132032,clinical_study,https://www.globenewswire.com/news-release/2025/06/26/3105791/0/en/Entera-Bio-Data-for-EB613-Effects-on-Trabecular-and-Cortical-Bone-in-Post-Menopausal-Women-with-Osteoporosis-Selected-for-Oral-Presentation-at-ASBMR-2025-Annual-Meeting.html
2025-06-26 08:00:00+00:00,pre_market,2025-06-26 10:26:00-04:00,2025-06-26 14:38:00+00:00,ANVS,LONG,449,2.2411000728607178,2.263511073589325,2.263511073589325,2.229894572496414,True,False,10.062539327144702,0.998508013773991,10087.637469459176,conference_call_webinar,https://www.globenewswire.com/news-release/2025/06/26/3105798/0/en/Annovis-to-Attend-the-AAIC-2025-with-Four-Poster-Presentations.html
2025-06-26 08:00:00+00:00,pre_market,2025-06-26 10:26:00-04:00,2025-06-26 14:43:00+00:00,ARQT,LONG,69,14.454999923706055,14.382724924087524,14.599549922943115,14.382724924087524,False,True,-4.986974973678594,-0.4943650075428373,10082.650494485497,product_services_announcement,https://www.globenewswire.com/news-release/2025/06/26/3105808/0/en/Arcutis-ZORYVE-roflumilast-Cream-0-15-Receives-Strong-Recommendation-in-American-Academy-of-Dermatology-Updated-Guidelines-for-Adult-Atopic-Dermatitis.html
2025-06-26 08:19:00+00:00,pre_market,2025-06-26 10:26:00-04:00,2025-06-26 14:52:00+00:00,BMRA,LONG,329,3.059999942779541,3.0446999430656434,3.0905999422073362,3.0446999430656434,False,True,-5.033699905872316,-0.4992437165827971,10077.616794579624,management_changes,https://www.globenewswire.com/news-release/2025/06/26/3105827/0/en/Clinical-Diagnostics-Industry-Leader-Scott-Madel-Joins-Biomerica-s-Team-as-Chief-Commercial-Officer.html
2025-06-26 09:05:00+00:00,pre_market,2025-06-26 10:26:00-04:00,2025-06-26 14:35:00+00:00,LGVN,LONG,763,1.3200000524520874,1.313400052189827,1.3332000529766084,1.313400052189827,False,True,-5.035800200104666,-0.49970149716480944,10072.58099437952,management_changes,https://www.globenewswire.com/news-release/2025/06/26/3105920/0/en/Longeveron-Appoints-Than-Powell-as-Chief-Business-Officer.html
2025-06-26 16:00:00+00:00,regular_market,2025-06-26 12:05:00-04:00,2025-06-26 16:16:00+00:00,INMB,LONG,159,6.300000190734863,6.363000192642212,6.363000192642212,6.2685001897811885,True,False,10.01700030326844,0.9944819812179129,10082.597994682788,conference_call_webinar,https://www.globenewswire.com/news-release/2025/06/26/3106204/0/en/INmune-Bio-Inc-to-Announce-Top-Line-Results-from-MINDFuL-Phase-2-Trial-in-Early-Alzheimer-s-on-Monday-June-30th.html
2025-06-26 16:05:00+00:00,regular_market,2025-06-26 12:10:00-04:00,2025-06-26 16:12:00+00:00,WINT,LONG,2335,0.4316999912261963,0.43601699113845827,0.43601699113845827,0.4295414912700653,True,False,10.080194795131714,0.9997616487781876,10092.67818947792,partnerships,https://www.globenewswire.com/news-release/2025/06/26/3106221/0/en/Windtree-Advances-Lower-Cost-Manufacturing-of-PHEXXI-Evofem-s-Hormone-Free-On-Demand-Prescription-Contraceptive-Gel.html
2025-06-26 17:15:00+00:00,regular_market,2025-06-26 13:20:00-04:00,2025-06-26 17:22:00+00:00,CDTX,SHORT,21,47.79999923706055,48.038999233245846,47.32199924468994,48.038999233245846,False,True,-5.018999919891286,-0.49729118730089145,10087.659189558028,shares_issue,https://www.globenewswire.com/news-release/2025/06/26/3106294/0/en/Cidara-Announces-Closing-of-Upsized-Public-Offering-and-Full-Exercise-of-Underwriters-Option-to-Purchase-Additional-Shares.html
2025-06-27 12:16:00+00:00,pre_market,2025-06-27 10:26:00-04:00,2025-06-27 14:26:00+00:00,INMB,LONG,93,10.767600059509277,10.87527606010437,10.87527606010437,10.713762059211732,True,False,10.013868055343687,0.9926850091951239,10097.673057613372,financing_agreements,https://www.globenewswire.com/news-release/2025/06/27/3106725/0/en/INmune-Bio-Inc-Announces-Approximately-19-Million-Registered-Direct-Offering-Priced-At-the-Market-Under-Nasdaq-Rules.html
